"","X","x","y","ID","Entity","Year","Time","Age","Sex","Disposition","TotL_ft","TotL_cm","SVL_cm","Weight_lbs","Weight_kg","Easting","Northing","GeneralLocation","Method","Additional_ID","County","Designation","Observer","Sentinel","EggCount","SizeEstimate","Percent_Hidden","SnakeTemp","AirTemp","ShadeTemp","GroundTemp","PavementTemp","BurowFeature","Microhabitat","Comments","Behavior","GlobalID","Breeding","Sector_I","Sector_II","Scout_2","Scout_3","Scout_4","Scout_5","Scout_Association","Date","timestamp"
"1",11,-81.617433885107,26.0053069111887,"BP01-10FEB15","COSWFL",2015,1235,"Adult","Female","Alive",13,396,348,68,30.8,438211,2876417,"41 South","Scout","","Collier","Six L's Agricultural","IB","Agamemnon",44,"Y",NA,NA,NA,NA,NA,NA,"","","Agamemnon's Girl (died 19MAR15)","Courting/Mating","{92AD7330-4059-4396-8131-9E8810D42C03}","YES","South","East","","","","","direct","2015-02-10","2015-02-10 1235"
"2",13,-81.611879532885,26.0055743179984,"BP01-16FEB15","COSWFL",2015,1205,"Adult","Female","A",11.5,351,310,52,23.6,438767,2876444,"41 South","Scout","","Collier","Six L's Agricultural","IB/CE","Agamemnon",36,"",NA,NA,NA,NA,NA,NA,"","","Agamemnon's Girl #2 (euth 24MAR15)","Courting/Mating","{B1A43DB0-2290-4D7B-B8C2-9BD9C69AC37B}","YES","South","East","","","","","direct","2015-02-16","2015-02-16 1205"
"3",30,-81.6341003216476,25.9977222290143,"BP02-23FEB16","COSWFL",2016,1200,"Adult","Female","Alive",7.7,235,204,16,7.3,436539,2875585,"Curcie Rd","Scout","","Collier","Curcie","IB, CPE, IE, LJ","Alexander",12,"",NA,NA,NA,NA,NA,NA,"","leaf litter","found while searching for male research animal (PYBI-14); mating with small male","Courting/Mating","{2CCD88F4-68F7-42ED-BDD0-5218BF0586D7}","YES","South","East","","","","","direct","2016-02-23","2016-02-23 1200"
"4",31,-81.6341003216476,25.9977222290143,"BP03-23FEB16","COSWFL",2016,1200,"Adult","Male","Alive",8.6,262,250,24.6,11.2,436539,2875585,"Curcie Rd","Scout","","Collier","Curcie","IB, CPE, IE, LJ","Alexander",NA,"",NA,NA,NA,NA,NA,NA,"","leaf litter","found while searching for male research animal (PYBI-14); mating with small female","Courting/Mating","{EF4FEFAA-A19D-456D-A56B-EAC37B14C033}","","South","East","","","","","direct","2016-02-23","2016-02-23 1200"
"5",32,-81.6340984797421,25.9973791152042,"BP04-23FEB16","COSWFL",2016,1200,"Adult","Female","Alive",15.5,471,417,127,57.6,436539,2875547,"Curcie Rd","Scout","","Collier","Curcie","IB, CPE, IE, LJ","Alexander",57,"",NA,NA,NA,NA,NA,NA,"","","found in proximity to male research animal (PYBI-14); likely mating","Courting/Mating","{8039D6AC-55CC-442C-B155-EC1011F438E9}","YES","South","East","","","","","direct","2016-02-23","2016-02-23 1200"
"6",85,-81.7176698975684,26.0633726367872,"BP01-15JAN18","COSWFL",2018,1429,"Adult","Female","Alive",13.5,410,362,94.7,43,428215,2882899,"Price Rd","Scout","","Collier","Development","IB, IE, MH, MB, AuF","Barron",53,"",NA,23.6000003814697,NA,21.3999996185303,NA,NA,"","palm nursery under metal debris pile","found mating with Barron, had some blood coming out of cloaca that was most likely from Barron","Courting/Mating","{F4808A50-2B67-49AE-802B-43AC98038AF3}","YES","South","West","","","","","direct","2018-01-15","2018-01-15 1429"
"7",118,-81.6807741361526,26.0120836242558,"BP01-11JAN19","COSWFL",2019,1224,"Adult","Male","Alive",10.8,330,287,40.5,18.4,431876,2877199,"No man's land","Scout","","Collier","RBNERR","IB, IE, KK, DG","Bobby Jo",NA,"",NA,NA,NA,NA,NA,NA,"","","","","{B0C36764-5BFB-4A7A-89B1-CF89D7B2BAD4}","","South","East","","","","","direct","2019-01-11","2019-01-11 1224"
"8",138,-81.6529552738917,26.0086904395622,"BP01-05MAR19","COSWFL",2019,1234,"Adult","Female","Alive",13.6,416,365,85.5,38.8,434658,2876809,"No man's land","Scout","","Collier","RBNERR","IB, IE, KK","Bobby Jo",58,"",NA,NA,NA,NA,NA,NA,"","pine upland with saw palmetto and poison ivy, and wax myrtle","mating with Joey","Courting/Mating","{A66776AA-194D-44B6-9480-7C319228C2AD}","YES","South","East","","","","","direct","2019-03-05","2019-03-05 1234"
"9",167,-81.6974690157913,26.0127949854451,"BP01-04FEB20 ","COSWFL",2020,1025,"Adult","Male","A",9.1,276,236,17.5,8,439208,2877286,"Marsh S of Fiddler’s bridge","Scout","","Collier","RBNERR"," IB, IE, AlF ","Bobby Jo",NA,"",NA,NA,NA,NA,NA,NA,"","Cattail Marsh","In large pad of flattened cattail, w/ scout PYBI-67","Basking","{26CE5AA1-AF24-48A8-B25E-26F2607FDEAD}","","South","East","","","","","direct","2020-02-04","2020-02-04 1025"
"10",213,-81.6635570018296,26.0134576113156,"BP03-20JAN21","COSWFL",2021,1342,"Adult","Female","A",9.3,284,250,19.2,8.7,433599,2877345,"Fiddler's Creek","Scout","","Collier","Fiddler's Creek","IB, IE, ME","Bobby Jo",0,"",NA,NA,NA,NA,NA,NA,"","Disturbed edge","","","{0A264634-76AB-4581-9DC1-9CC9A4F8FEE5}","","South","East","","","","","indirect","2021-01-20","2021-01-20 1342"
"11",273,-81.7003910920601,26.0096238962262,"BP01-19JAN22","COSWFL",2022,1430,"Adult","Male","A",9,274,235,17.9,8.1,429914,2876940,"S of Fiddler's Creek","Scout","","Collier","RBNERR","IB, IE, KyF","Bobby Jo",NA,"",NA,NA,NA,NA,NA,NA,"","","","","{01E8BC6C-0BBA-454A-9DEA-23094A0D30AA}","","South","East","","","","","indirect","2022-01-19","2022-01-19 1430"
"12",274,-81.6994438355857,26.0099530329978,"BP02-19JAN22","COSWFL",2022,1448,"Adult","Female","A",14.3,436,386,88.9,40.3,430003,2876973,"S of Fiddler's Creek","Scout","","Collier","RBNERR"," IB, IE, KyF ","Bobby Jo",50,"",NA,NA,NA,NA,NA,NA,"","","","Courting/Mating","{ABD8EB22-C6AE-4C1F-9929-2A57CDBD61B2}","","South","East","","","","","indirect","2022-01-19","2022-01-19 1448"
"13",275,-81.6994519193726,26.0099653037185,"BP03-19JAN22","COSWFL",2022,1448,"Adult","Male","A",9.1,277,240,18.1,8.2,430003,2876973,"S of Fiddler's Creek","Scout","","Collier","RBNERR","IB, IE, KyF","Bobby Jo",NA,"",NA,NA,NA,NA,NA,NA,"","","","","{BE438E84-C9C3-4639-9548-E5671A7E691B}","","South","East","","","","","direct","2022-01-19","2022-01-19 1448"
"14",492,-81.6445617442063,26.0071139001825,"BP01-04MAR25","COSWFL",2025,1029,"Adult","Female","A",9.2,279,246,22.3,10.1,435499,2876632,"Eagle Island","Scout","","Collier",""," IB, IE, KaK, JE","Bobby Jo",NA,"",NA,NA,NA,NA,NA,NA,"","","","Underground","{F0F02E81-EA6A-4F2E-A864-91C4FC6672A2}","","South","East","Ziggy","","","","direct","2025-03-04","2025-03-04 1029"
"15",89,-81.651014901827,26.0119859230252,"BP01-29JAN18","COSWFL",2018,1219,"Adult","Female","Alive",10,306,278,33.2,15.1,434854,2877173,"Fiddler's Agricultural, S Line","Scout","","Collier","Fiddler's Creek","IB, IE, MH","Bowie",25,"",0,NA,NA,NA,NA,NA,"","","basking on para next to pepper-lined canal","Basking","{AC8AFED4-05C0-4C40-9A3E-29B9ED2DB38B}","YES","South","East","","","","","direct","2018-01-29","2018-01-29 1219"
"16",95,-81.651355646935,26.0121649780243,"BP02-12FEB18","COSWFL",2018,1419,"Adult","Female","Alive",14.1,431,378,79.7,36.2,434820,2877193,"Fiddler's Agricultural","Scout","","Collier","Fiddler's Creek","IB, IE, MH, AF, NC","Bowie",38,"",100,NA,NA,NA,NA,NA,"","para field on edge of canal","","Coiled","{E5709FA9-6AED-4D0F-9BB0-0BCDC8379A27}","YES","South","East","","","","","direct","2018-02-12","2018-02-12 1419"
"17",106,-81.6504310519586,26.0112120148674,"BP01-22FEB18","COSWFL",2018,1030,"Adult","Male","Alive",9.8,298,259,25.6,11.6,434912,2877087,"Fiddler's Agricultural","Scout","","Collier","Fiddler's Creek","IB, IE, MH","Bowie",NA,"",0,NA,NA,NA,NA,NA,"","para-covered levee on edge of canal","basking on top of grass ~4m from Bowie","Basking","{B9F57832-DCB2-4BE0-8643-1678757B357B}","YES","South","East","","","","","direct","2018-02-22","2018-02-22 1030"
"18",27,-81.6466059642738,25.9988316682378,"BP01-17FEB16","COSWFL",2016,1200,"Adult","Female","Alive",11.7,358,334,74.4,33.8,435288,2875714,"Curcie Rd","Scout","","Collier","RBNERR","IB,CPE,IE, LJ, AF","Brando",46,"",NA,NA,NA,NA,NA,NA,"","N of second crossroad","found in proximity to male research animal (PYBI-15)","Courting/Mating","{38C9BEFE-C877-4DC6-AC8E-95395255B751}","YES","South","East","","","","","direct","2016-02-17","2016-02-17 1200"
"19",169,-81.6501112794506,26.0112197854647,"BP02-05FEB20","COSWFL",2020,1238,"Adult","Female","A",12.6,383,335,63.1,28.6,434942,2877090,"Fiddler's Agricultural, S line","Scout","","Collier","Fiddler's Creek"," IB, IE, AlF ","Breaker",40,"",NA,NA,NA,NA,NA,NA,"","","found courting on levee w/ PYBI-61","","{4C0AAEFB-1A34-46FC-AB12-34CC52791647}","YES","South","East","","","","","direct","2020-02-05","2020-02-05 1238"
"20",382,-81.6577331272462,26.0111917598239,"BP01-21MAR23","COSWFL",2023,1238,"Adult","Male","A",7.5,228,202,9.9,4.5,434180,2877091,"North east corner RIBS","Scout","","Collier","RIBS"," IE, BH, TB","Breaker",NA,"",80,NA,NA,NA,NA,NA,"","","","","{10F234AC-D7DB-4EA1-860C-6F19AFE1C574}","","South","East","","","","","direct","2023-03-21","2023-03-21 1238"
"21",176,-81.7183602460553,26.0320681921381,"BP04-17FEB20","COSWFL",2020,1342,"Adult","Female","A",11.3,344,305,42,19.1,428127,2879432,"Shell Island Rd","Scout","","Collier","RBNERR","IB, IE, AlF ","Charlie",NA,"",NA,NA,NA,NA,NA,NA,"","","caught basking/shedding on oak hammock nearby PYBI-57","Basking","{E6862C64-7A80-48BD-A85F-61CB7F33FE34}","YES","South","West","","","","","direct","2020-02-17","2020-02-17 1342"
"22",295,-81.7448827155911,26.0666354017645,"BP01-07FEB22","COSWFL",2022,1056,"Adult","Female","A",14.4,439,415,130.8,59.3,425496,2883274,"Treviso Bay","Scout","","Collier","RBNERR","IB, IE, KyF","Charlie",70,"",NA,NA,NA,NA,NA,NA,"","","","","{20FD05FA-EA5A-4335-B694-F1DACD7E53C4}","YES","South","West","","","","","direct","2022-02-07","2022-02-07 1056"
"23",296,-81.7448827155911,26.0666354017645,"BP02-07FEB22","COSWFL",2022,1056,"Adult","Male","A",11.5,352,307,43.7,19.8,425496,2883274,"Treviso Bay","Scout","","Collier","RBNERR","IB, IE, KyF","Charlie",NA,"",NA,NA,NA,NA,NA,NA,"","","","","{38AFD309-2B04-4E9C-B516-CE1AB34F28BF}","","South","West","","","","","direct","2022-02-07","2022-02-07 1056"
"24",297,-81.7448522307721,26.0666344773464,"BP03-07FEB22","COSWFL",2022,1056,"Adult","Male","A",11.3,345,299,36.5,16.6,425496,2883274,"Treviso Bay","Scout","","Collier","RBNERR"," IB, IE, KyF","Charlie",NA,"",NA,NA,NA,NA,NA,NA,"","","","","{A79E4003-5EB7-4C1C-8E4B-071CDA232C96}","","South","West","","","","","direct","2022-02-07","2022-02-07 1056"
"25",450,-81.7825591927618,26.0711193462146,"BP01-05FEB25","COSWFL",2025,1130,"Adult","Female","A",10.8,329,291,41.62,18.85,421720,2883796,"Keewaydin","Scout","","Collier",""," IB, IE, KaK, JE","Charlie",NA,"",NA,NA,NA,NA,NA,NA,"GOTO","","","","{8B023C42-EF44-423D-85EA-437083003F56}","","South","West","","","","","direct","2025-02-05","2025-02-05 1130"
"26",168,-81.6435783503332,26.0082981950704,"BP01-05FEB20","COSWFL",2020,1015,"Adult","Female","A",12.1,369,324,54.3,24.6,435593,2876761,"Eagle Island","Scout","","Collier","RBNERR"," IB, IE, AlF ","Darwin",43,"",NA,NA,NA,NA,NA,NA,"GOTO","Oak / Saw Palmetto Scrub","found in GOTO burrow nearby PYBI-65","Underground","{ABC68BF4-BBD4-477C-89DB-CBECBD1920D4}","YES","South","East","","","","","direct","2020-02-05","2020-02-05 1015"
"27",175,-81.7223301278307,26.0494937574934,"BP03-17FEB20","COSWFL",2020,1252,"Juvenile","Male","A",6.3,191,167,6.5,3,427726,2881364,"N of Henderson Creek","Scout","","Collier","RBNERR","IB, IE, AlF ","Eddie",NA,"",NA,NA,NA,NA,NA,NA,"","","seen escaping to water on the way back to truck from PYBI-56","","{1E3C136D-4A5E-4C35-B240-65CE57DBB0C7}","","South","West","","","","","indirect","2020-02-17","2020-02-17 1252"
"28",179,-81.7207499755764,26.0497864086999,"BP02-19FEB20","COSWFL",2020,1556,"Adult","Female","A",15.9,486,431,147.7,67,427896,2881403,"N of Henderson Creek","Scout","","Collier","RBNERR","IB, IE, AlF ","Eddie",NA,"",NA,NA,NA,NA,NA,NA,"","","caught in large aggregation in proximity to PYBI-56","Courting/Mating","{BFAB6138-B439-41DA-A662-306FBA35E71E}","","South","West","","","","","direct","2020-02-19","2020-02-19 1556"
"29",180,-81.7207499755764,26.0497864086999,"BP03-19FEB20","COSWFL",2020,1557,"Adult","Male","A",10.7,325,280,34.4,15.6,427896,2881403,"N of Henderson Creek","Scout","","Collier","RBNERR"," IB, IE, AlF ","Eddie",NA,"",NA,NA,NA,NA,NA,NA,"","","caught in large aggregation in proximity to PYBI-56","Courting/Mating","{0BD55F51-7477-4AF1-A175-70BE979A87CF}","","South","West","","","","","direct","2020-02-19","2020-02-19 1557"
"30",181,-81.7207499755764,26.0497864086999,"BP04-19FEB20","COSWFL",2020,1557,"Adult","Male","A",12.1,370,322,51.3,23.3,427896,2881403,"N of Henderson Creek","Scout","","Collier","RBNERR"," IB, IE, AlF","Eddie",NA,"",NA,NA,NA,NA,NA,NA,"","","caught in large aggregation in proximity to PYBI-56","Courting/Mating","{E38B74F5-4832-478D-A5EB-29F8A296955F}","","South","West","","","","","direct","2020-02-19","2020-02-19 1557"
"31",303,-81.7613608781052,26.079033085726,"BP01-21FEB22","COSWFL",2022,1033,"Adult","Female","A",15.6,476,422,131,59.4,423853,2884656,"Isles of Collier","Scout","","Collier","RBNERR"," IB, IE, KyF ","Eddie",64,"",50,NA,NA,NA,NA,NA,"","","","Courting/Mating","{7EEC1AB8-098F-4691-A057-6F451F5A4CF1}","YES","South","West","","","","","direct","2022-02-21","2022-02-21 1033"
"32",304,-81.7613608781052,26.079033085726,"BP02-21FEB22","COSWFL",2022,1034,"Adult","Male","A",11.3,345,300,23.5,10.7,423853,2884656,"Isles of Collier","Scout","","Collier","Development"," IB, IE, KyF ","Eddie",NA,"",0,NA,NA,NA,NA,NA,"","","","Courting/Mating","{C1F01859-B092-4B4C-854D-17AE0D5E6B2B}","","South","West","","","","","direct","2022-02-21","2022-02-21 1034"
"33",305,-81.7613608781052,26.079033085726,"BP03-21FEB22","COSWFL",2022,1034,"Adult","Male","A",9,273,238,33,15,423853,2884656,"Isle of Collier","Scout","","Collier","RBNERR"," IB, IE, KyF ","Eddie",NA,"",0,NA,NA,NA,NA,NA,"","","","Courting/Mating","{441AF8F7-7A1D-4BCE-B8D1-6B4D67B91CCE}","","South","West","","","","","direct","2022-02-21","2022-02-21 1034"
"34",335,-81.7331640331056,26.0613014662751,"BP01-27DEC22 ","COSWFL",2022,1424,"Adult","Female","A",11.2,340,300,58.2,26.4,426663,2882680,"N of Henderson Creek","Scout","","Collier","RBNERR"," IE, TB ","Eddie",30,"",0,NA,NA,NA,NA,NA,"","","","Stretched Out","{2F69E375-81B0-41D0-9556-1CE516F8DDAA}","YES","South","West","Charlie","","","","direct","2022-12-27","2022-12-27 1424"
"35",420,-81.7554485841977,26.0624165120351,"BP01-08MAR24","COSWFL",2024,1200,"Adult","Female","A",12.5,382,339,63.7,28.9,424440,2882801,"Sand Hill Rookery Bay","Scout","","Collier","RBNERR"," IB IE CW","Eddie",41,"",NA,NA,NA,NA,NA,NA,"","","","Courting/Mating","{08517DAE-60E0-4AFD-BADC-D075CE2C902E}","YES","","","","","","","direct","2024-03-08","2024-03-08 1200"
"36",482,-81.7500267586658,26.0892467243148,"BP01-26FEB25","COSWFL",2025,1315,"Adult","Female","A",14.4,440,390,112.8,51.1,424999,2885781,"Isles of Collier","Scout","","Collier",""," IE, JE, KaK","Eddie",NA,"",NA,NA,NA,NA,NA,NA,"","","","Basking","{66AA855D-CBE9-4C85-8C5A-F69935F4572D}","","South","West","","","","","","2025-02-26","2025-02-26 1315"
"37",483,-81.7500270069331,26.0892285759897,"BP02-26FEB25","COSWFL",2025,1315,"Adult","Male","A",8.2,249,215,11.7,5.3,424999,2885781,"Isles of collier ","Scout","","Collier",""," IE, JE, KaK","Eddie",NA,"",NA,NA,NA,NA,NA,NA,"","","","","{CF3742C4-58F8-4598-A703-D4A96FFA3701}","","South","West","","","","","direct","2025-02-26","2025-02-26 1315"
"38",377,-81.6714211140233,26.0026340852081,"BP01-23FEB23","COSWFL",2023,1341,"Adult","Female","A",13.5,411,365,75.5,34.25,432807,2876148,"Road to Nowhere","Scout","","Collier","RBNERR"," IB, IE, BH, TB","Elio",60,"",85,NA,NA,NA,NA,NA,"","","","Coiled","{46E6922D-04B0-4CD8-AE55-1F16AFF62940}","YES","South","East","","","","","direct","2023-02-23","2023-02-23 1341"
"39",397,-81.6415266446535,26.0009220015846,"BP01-29JAN24","COSWFL",2024,1200,"Adult","Female","A",14.4,439,384,85.9,39,435797,2875943,"RBNERR East","Scout","","Collier","RBNERR"," IB, IE, CW","Elio",64,"",95,NA,NA,NA,NA,NA,"","","","Undercover","{B517E90D-276D-4DFF-856A-6681B359FCB1}","YES","South","East","","","","","","2024-01-29","2024-01-29 1200"
"40",2,-81.6502410941515,26.011194810334,"BP01-04FEB14","COSWFL",2014,1500,"Adult","Female","Alive",10,305,266,28.4,12.9,434931,2877085,"Fiddler's Agricultural, S line","Scout","PYBI - 11","Collier","Fiddler's Creek","PTA","Elvis",21,"",NA,NA,NA,NA,NA,NA,"","","female research animal-Snowflake","Courting/Mating","{78701A84-C518-4766-AE05-43F029E59901}","YES","South","East","","","","","direct","2014-02-04","2014-02-04 1500"
"41",3,-81.6518638454658,26.0100949350328,"BP01-14FEB14","COSWFL",2014,1200,"Adult","Female","Alive",14.6,445,417,100,45.4,434768,2876964,"Fiddler's Agricultural, S of S line","Scout","PYBI - 09","Collier","Fiddler's Creek","PTA/IB","Elvis",63,"",NA,NA,NA,NA,NA,NA,"","","female research animal-Valentina","Courting/Mating","{A0992356-5E80-40FB-B863-D0DC5FA2AD85}","YES","South","East","General","","","","direct","2014-02-14","2014-02-14 1200"
"42",9,-81.7097975653018,26.0211089019344,"BP01-06FEB15","COSWFL",2015,1200,"Adult","Female","Alive",12.4,377,330,66.4,30.1,428977,2878214,"Shell Island Rd","Scout","PYBI - 20","Collier","RBNERR","IB/CE/GC","Elvis",38,"",NA,NA,NA,NA,NA,NA,"GOTO","","female research animal - Orra; EUTH 30JUN17, transmitter antenna snapped to 2-3"" long","Underground","{E5132A2B-BF5F-489E-889D-5344543E88BC}","YES","South","West","","","","","direct","2015-02-06","2015-02-06 1200"
"43",14,-81.7108140491685,26.0206343775668,"BP01-04MAR15","COSWFL",2015,1200,"Adult","Male","Alive",7,212,185,8.4,3.8,428875,2878162,"Shell Island Rd","Scout","","Collier","RBNERR","IB/CE/GC/M….","Elvis",NA,"",NA,NA,NA,NA,NA,NA,"GOTO, Active","","(euth 16MAR15) found in GOTO burrow agg. w/ one F, five M (PYBI - 01, PYBI - 13)","Underground, Courting/Mating","{408E470F-71DA-4328-80F1-6C2604F590E5}","","South","West","Kirkland","","","","direct","2015-03-04","2015-03-04 1200"
"44",15,-81.7108140491685,26.0206343775668,"BP02-04MAR15","COSWFL",2015,1200,"Adult","Male","Alive",6.7,205,183,7.9,3.6,428875,2878162,"Shell Island Rd","Scout","","Collier","RBNERR","IB/CE/GC/M….","Elvis",NA,"",NA,NA,NA,NA,NA,NA,"GOTO, Active","","(euth 16MAR15) found in GOTO burrow agg. w/ one F, five M (PYBI - 01, PYBI - 13)","Underground, Courting/Mating","{0D1A1094-29B6-4BC4-9A5B-283C5BD21AA0}","","South","West","Kirkland","","","","direct","2015-03-04","2015-03-04 1200"
"45",16,-81.7108140491685,26.0206343775668,"BP03-04MAR15","COSWFL",2015,1200,"Adult","Male","Alive",9.2,279,241,19.9,9,428875,2878162,"Shell Island Rd","Scout","","Collier","RBNERR","IB/CE/GC/M….","Elvis",NA,"",NA,NA,NA,NA,NA,NA,"GOTO, Active","","(euth 16MAR15) found in GOTO burrow agg. w/ one F, five M (PYBI - 01, PYBI - 13)","Underground, Courting/Mating","{59360649-659D-4F47-AA1C-75FF1C1291A2}","","South","West","Kirkland","","","","direct","2015-03-04","2015-03-04 1200"
"46",17,-81.7108140491685,26.0206343775668,"BP04-04MAR15","COSWFL",2015,1200,"Adult","Male","Alive",10.2,312,270,27.9,12.7,428875,2878162,"Shell Island Rd","Scout","","Collier","RBNERR","IB/CE/GC/M….","Elvis",NA,"",NA,NA,NA,NA,NA,NA,"GOTO, Active","","(euth 16MAR15) found in GOTO burrow agg. w/ one F, five M (PYBI - 01, PYBI - 13)","Underground, Courting/Mating","{1B388032-2DFF-482C-89F7-9C2CB7D3CFB4}","","South","West","Kirkland","","","","direct","2015-03-04","2015-03-04 1200"
"47",18,-81.7108140491685,26.0206343775668,"BP05-04MAR15","COSWFL",2015,1200,"Adult","Female","Alive",12.5,381,335,75,34,428875,2878162,"Shell Island Rd","Scout","","Collier","RBNERR","IB/CE/GC/M….","Elvis",40,"",NA,NA,NA,NA,NA,NA,"GOTO, Active","","(died in lab 9MAR15) found in GOTO burrow agg. w/ six M (PYBI - 01, PYBI - 13); Burrow dimensions: H:32.5""; W: 6cm; opening 30degrees; 105.8degrees at entrance; semi-collapsed","Underground, Courting/Mating","{5620E96B-20F4-4828-9C9E-583504897EC0}","YES","South","West","Kirkland","","","","direct","2015-03-04","2015-03-04 1200"
"48",66,-81.6417201953103,26.0117385331349,"BP01-15FEB17","COSWFL",2017,954,"Adult","Female","Alive",11.2,340,301,47.9,21.8,435784,2877141,"Fiddler's Agricultural, S line","Scout","","Collier","Fiddler's Creek","IB, IE, JK","Elvis",34,"",NA,NA,NA,NA,NA,NA,"","para","","Basking","{FAFBF043-2897-4DDE-BB76-E792A0224289}","YES","South","East","","","","","direct","2017-02-15","2017-02-15 0954"
"49",75,-81.6412061093465,26.0109191296418,"BP01-28FEB17","COSWFL",2017,1155,"Adult","Male","Alive",6.9,211,183,9.5,4.3,435835,2877050,"Fiddler's Agricultural, SE Triangle","Scout","","Collier","Fiddler's Creek","IB, IE, JK","Elvis",NA,"",NA,NA,NA,NA,NA,NA,"","para on ridge; near ditch","stepped on when tracking Elvis","Undercover","{71E13D78-DDFA-476B-A2FA-F8AADC34B9FA}","","South","East","","","","","direct","2017-02-28","2017-02-28 1155"
"50",76,-81.6410742450395,26.0105585344068,"BP02-28FEB17","COSWFL",2017,1200,"Adult","Female","Alive",13.2,402,358,75.4,34.2,435848,2877010,"Fiddler's Agricultural, SE Triangle","Scout","","Collier","Fiddler's Creek","IB, IE, JK","Elvis",45,"",NA,NA,NA,NA,NA,NA,"","","","","{9CF9C1BE-88C1-42F0-8C8D-D21C3F9E1916}","YES","South","East","","","","","direct","2017-02-28","2017-02-28 1200"
"51",105,-81.6704024836307,25.9999242427756,"BP01-21FEB18","COSWFL",2018,1331,"Adult","Female","Alive",12.8,389,338,57.8,26.2,432907,2875847,"Road to Nowhere","Scout","","Collier","RBNERR","IB, IE, MH","Elvis",46,"",0,NA,NA,NA,NA,NA,"","fern island in mangrove swamp","caught with Elvis on fern and pepper island in middle of mangrove swamp","Courting/Mating","{1013F29C-662D-46BF-847B-51CEA802AF28}","YES","South","East","","","","","direct","2018-02-21","2018-02-21 1331"
"52",107,-81.6433350310979,26.00366801246,"BP01-13MAR18","COSWFL",2018,1508,"Adult","Female","Alive",11.5,350,308,52.9,24,435618,2876248,"Auto Ranch Rd","Scout","","Collier","RBNERR","IB, IE, MH","Elvis",40,"",100,NA,NA,NA,NA,NA,"Natural Cavity","ecotone of marsh and scrubby dune","caught in muddy natural cavity under fallen pine tree with male telemetered animal (PYBI-01)","Underground","{5EF6DCB6-9BA0-4555-B9DD-5D2C577E3678}","YES","South","East","","","","","direct","2018-03-13","2018-03-13 1508"
"53",124,-81.6434440566345,26.003504996291,"BP01-04FEB19","COSWFL",2019,1214,"Adult","Female","Alive",10.7,327,282,41,18.6,435607,2876230,"Auto Ranch Rd","Scout","","Collier","RBNERR","IE, IB, KK, AF","Elvis",30,"",NA,NA,NA,NA,NA,NA,"","","found on S side of dune; nearby basking pad","","{75609CCB-31ED-4752-9C33-3AEB3F6A2AFB}","YES","South","East","","","","","indirect","2019-02-04","2019-02-04 1214"
"54",146,-81.6283667784862,25.9905236252066,"BP01-22MAR19","COSWFL",2019,1239,"Adult","Female","Alive",10.6,323,287,44.6,20.3,437109,2874785,"SR92","Scout","","Collier","Curcie","IB, IE, KK","Elvis",27,"",90,24.2999992370605,NA,20.3999996185303,NA,NA,"","Dense leatherfern and mangrove","Hypo, high yellow. Battered head","","{3852755F-4BD7-4469-B49B-089B3A48580E}","YES","South","East","","","","","direct","2019-03-22","2019-03-22 1239"
"55",153,-81.6339231440014,25.997156363344,"BP01-31DEC19","COSWFL",2019,1103,"Adult","Female","A",10,304,269,42.9,19.5,436558,2875507,"Curcie Lake","Scout","","Collier","Curcie","IE, AlF, AF","Elvis",32,"",NA,NA,NA,NA,NA,NA,"","fern edge of cattail marsh","caught slithering away from basking area w/ nearby urate","Basking","{248284F4-EEF5-4985-B35D-AEF9CBB13BA6}","YES","South","East","","","","","direct","2019-12-31","2019-12-31 1103"
"56",161,-81.6349072857982,25.9959480490437,"BP01-24JAN20","COSWFL",2020,1101,"Adult","Female","A",11.7,358,316,66.4,30.1,436461,2875389,"Curcie Lake","Scout","","Collier","Curcie"," IB, IE, AlF","Elvis",42,"",NA,NA,NA,NA,NA,NA,"","Oak Hammock","caught basking on large oak hammock feature S of Curcie Rd","Basking","{5392A7BB-16F8-44DE-9383-5807CAA12722}","YES","South","East","","","","","direct","2020-01-24","2020-01-24 1101"
"57",188,-81.6286807457909,25.9937922821981,"BP01-02MAR20","COSWFL",2020,1141,"Adult","Male","A",8.9,271,235,16.6,7.55,437077,2875151,"Curcie Lake","Scout","","Collier","Curcie","IB, IE, AlF, AF","Elvis",NA,"",NA,NA,NA,NA,NA,NA,"","","caught in aggregation with PYBI-01, on island","Courting/Mating","{547249C7-46FD-425E-BEA3-CA4D14D2210A}","","South","East","","","","","direct","2020-03-02","2020-03-02 1141"
"58",189,-81.6287216117174,25.9936776326652,"BP02-02MAR20","COSWFL",2020,1156,"Adult","Female","A",11.5,351,310,50.6,23,437076,2875139,"Curcie Lake","Scout","","Collier","Curcie","IB, IE, AlF, AF","Elvis",35,"",NA,NA,NA,NA,NA,NA,"","","caught in aggregation with PYBI-01, on island","Courting/Mating","{B779DDAC-1762-4CC1-816D-893262CDE4BE}","YES","South","East","","","","","direct","2020-03-02","2020-03-02 1156"
"59",57,-81.7269571129709,26.0584954769997,"BP01-06FEB17","COSWFL",2017,1241,"Adult","Female","Alive",13.3,405,360,85.3,38.7,427283,2882364,"N of Henderson Creek","Scout","","Collier","RBNERR","IB, IE, JK, AF","Ender",49,"",0,NA,NA,NA,NA,NA,"","","","Basking","{26209299-CB27-45E3-848D-62CAEE0AECF6}","YES","South","West","","","","","direct","2017-02-06","2017-02-06 1241"
"60",58,-81.7268373791297,26.0585321971165,"BP02-06FEB17","COSWFL",2017,1300,"Adult","Male","Alive",8.6,262,226,17.4,7.9,427295,2882368,"N of Henderson Creek","Scout","","Collier","RBNERR","IB, IE, JK, AF","Ender",NA,"",NA,NA,NA,NA,NA,NA,"","cavity under pile of dead melaleuca; climbing fern, pine, myrtle, dahoon, ferns","~5ft from burrow entrance scoped","Coiled, Undercover","{EE56F4CE-8702-4052-A2B3-9398DBA4B76D}","","South","West","","","","","direct","2017-02-06","2017-02-06 1300"
"61",65,-81.7326486023246,26.0509994482101,"BP01-11FEB17","COSWFL",2017,1247,"Adult","Male","Alive",9.4,287,250,23.7,10.8,426709,2881537,"N of Henderson Creek","Scout","","Collier","RBNERR","IE, KC, KH","Ender",NA,"",NA,NA,NA,NA,NA,NA,"DILLO","","in shallow DILLO burrow about 2m from Ender","Underground","{701CDBBA-CDFB-4D2A-8530-7457824C4114}","","South","West","","","","","direct","2017-02-11","2017-02-11 1247"
"62",71,-81.7295245887578,26.061453179548,"BP01-21FEB17","COSWFL",2017,1321,"Adult","Female","Alive",11.2,342,299,56.9,25.8,427028,2882693,"N of Henderson Creek","Scout","","Collier","RBNERR","IB, IE, JK","Ender",38,"",NA,NA,NA,NA,NA,NA,"","","in mating ball, 4 snakes total","Courting/Mating","{2C7EBDBF-D4A6-4269-B574-2A099798F1D3}","YES","South","West","","","","","direct","2017-02-21","2017-02-21 1321"
"63",72,-81.7295245887578,26.061453179548,"BP02-21FEB17","COSWFL",2017,1321,"Adult","Male","Alive",10,306,269,24.7,11.2,427028,2882693,"N of Henderson Creek","Scout","PYBI_38","Collier","RBNERR","IB, IE, JK","Ender",NA,"",NA,NA,NA,NA,NA,NA,"","","in mating ball, 4 snakes total","Courting/Mating","{8D6790B4-0F7A-4ACE-807F-0105FE4B93CA}","","South","West","","","","","direct","2017-02-21","2017-02-21 1321"
"64",73,-81.7295245887578,26.061453179548,"BP03-21FEB17","COSWFL",2017,1321,"Adult","Male","Alive",8.7,264,233,19.5,8.9,427028,2882693,"N of Henderson Creek","Scout","","Collier","RBNERR","IB, IE, JK","Ender",NA,"",NA,NA,NA,NA,NA,NA,"","","in mating ball, 4 snakes total","Courting/Mating","{7632B025-1430-43F2-916E-33E6C41347BA}","","South","West","","","","","direct","2017-02-21","2017-02-21 1321"
"65",80,-81.7262034458759,26.0627250000014,"BP01-21DEC17","COSWFL",2017,1200,"Adult","Female","Alive",14,428,373,103.8,47.1,427361,2882832,"Griffin Rd","Scout","","Collier","RBNERR","IB, IE, MH","Ender",62,"",NA,NA,NA,NA,NA,NA,"","","found by following telemetered male (PYBI-35) to location nearby natural cavity","","{2E1C0125-8A72-482E-A020-1F4A708F4773}","YES","South","West","","","","","direct","2017-12-21","2017-12-21 1200"
"66",90,-81.7320887211914,26.0622438113209,"BP01-30JAN18","COSWFL",2018,1516,"Adult","Female","Alive",9.7,297,261,27.2,12.4,426772,2882782,"N of Henderson Creek","Scout","","Collier","RBNERR","IB, IE, MH","Ender",18,"",50,NA,NA,NA,NA,NA,"","oak and palmetto pineland","heard slithering away, ~4m from Ender","","{57003D7D-3711-4856-888C-0274469573ED}","YES","South","West","","","","","direct","2018-01-30","2018-01-30 1516"
"67",121,-81.7313554301957,26.0616786798305,"BP01-15JAN19","COSWFL",2019,1044,"Adult","Male","Alive",9.8,298,285,32.2,14.6,426845,2882719,"N of Henderson Creek","Scout","","Collier","RBNERR","IB, IE, KK","Ender",NA,"",NA,NA,NA,NA,NA,NA,"","","excavated from GOTO burrow nearby male sentinel animal; found recent shed ","","{A920AE3E-CDA6-4FC8-9B10-459E987DBD53}","","South","West","","","","","direct","2019-01-15","2019-01-15 1044"
"68",127,-81.734305172611,26.0617810892411,"BP02-15FEB19","COSWFL",2019,1500,"Adult","Female","Alive",12.6,385,349,69.6,31.6,426550,2882732,"N of Henderson Creek","Scout","","Collier","RBNERR","IB, IE, KK","Ender",45,"",NA,NA,NA,NA,NA,NA,"","","","","{17D92450-A680-4A15-985D-CE80B88497BB}","YES","South","West","","","","","direct","2019-02-15","2019-02-15 1500"
"69",132,-81.731268973582,26.0590244938574,"BP01-20FEB19","COSWFL",2019,1022,"Adult","Female","Alive",12.3,375,327,69.8,31.7,426852,2882425,"N of Henderson Creek","Scout","","Collier","RBNERR","IB, IE, KK","Ender",45,"",NA,NA,NA,NA,NA,NA,"","","","","{39B8287F-2409-4AF0-ADCB-0CA670CAC38F}","YES","South","West","","","","","direct","2019-02-20","2019-02-20 1022"
"70",231,-81.7295973410728,26.0597284401498,"BP03-17FEB21","COSWFL",2021,1250,"Adult","Female","A",13.5,413,363,72.7,33,427017,2822503,"N of Henderson Creek","Scout","","Collier","RBNERR"," IB, IE, AF, ME","Ender",41,"",NA,NA,NA,NA,NA,NA,"","","","Courting/Mating","{C367A401-6A76-4E08-9717-513622B1C878}","YES","South","West","","","","","direct","2021-02-17","2021-02-17 1250"
"71",232,-81.7295840581223,26.059713235952,"BP04-17FEB21","COSWFL",2021,1250,"Adult","Male","A",13.8,421,371,70.8,32.1,427017,2822503,"N of Henderson Creek","Scout","","Collier","RBNERR"," IB, IE, AF, ME","Ender",NA,"",NA,NA,NA,NA,NA,NA,"","","","Courting/Mating","{1EFA52E8-3B1C-4604-BC5B-9C0786E863C9}","","South","West","","","","","direct","2021-02-17","2021-02-17 1250"
"72",233,-81.7295648146226,26.0597087715656,"BP05-17FEB21","COSWFL",2021,1250,"Adult","Male","A",10.3,313,274,29.2,13.3,427017,2822503,"N of Henderson Creek","Scout","","Collier","RBNERR"," IB, IE, AF, ME","Ender",NA,"",NA,NA,NA,NA,NA,NA,"","","","Courting/Mating","{75E1A93B-CD46-4BF5-ABDC-CAF5EF981825}","","South","West","","","","","direct","2021-02-17","2021-02-17 1250"
"73",234,-81.7295656702354,26.0597131112559,"BP06-17FEB21","COSWFL",2021,1250,"Adult","Male","A",9.8,300,259,23.4,10.6,427017,2822503,"N of Henderson Creek","Scout","","Collier","RBNERR"," IB, IE, AF, ME","Ender",NA,"",NA,NA,NA,NA,NA,NA,"","","","Courting/Mating","{F3470E92-CBE9-4FA0-9A60-E8D43202341A}","","South","West","","","","","direct","2021-02-17","2021-02-17 1250"
"74",289,-81.7257938607299,26.0473211483154,"BP01-01FEB22","COSWFL",2022,1105,"Adult","Male","A",10.6,322,279,36.4,16.5,427390,2881124,"N of Henderson Creek","Scout","","Collier","RBNERR","IB, IE, KyF","Ender",NA,"",0,NA,NA,NA,NA,NA,"","Basking 10 feet from female in vines surrounded by saw palmetto ","","Courting/Mating","{DD4A757E-808F-4A14-9EB4-D39FDD45A0B4}","","South","West","","","","","direct","2022-02-01","2022-02-01 1105"
"75",290,-81.725786007599,26.0473353566419,"BP02-01FEB22","COSWFL",2022,1055,"Adult","Female","A",16.3,496,444,150.5,68.3,427393,2881128,"N of Henderson Creek","Scout","","Collier","RBNERR"," IB, IE, KyF ","Ender",80,"",10,NA,NA,NA,NA,NA,"","In a sun patch underneath wax myrtle and saw palmetto ","","Courting/Mating","{E47B219E-6026-4F21-A6FA-B9022F66E70A}","YES","South","West","","","","","direct","2022-02-01","2022-02-01 1055"
"76",291,-81.7257834966874,26.0473416907109,"BP03-01FEB22","COSWFL",2022,1100,"Adult","Male","A",9.9,302,263,28.9,13.1,427391,2881130,"N of Henderson Creek","Scout","","Collier","RBNERR"," IB, IE, KyF ","Ender",NA,"",80,NA,NA,NA,NA,NA,"","Underneath vines surrounded by saw palmetto and wax myrtle - close to female","","Courting/Mating","{81A89C74-B0DB-47F6-BA78-358076B9CE57}","","South","West","","","","","direct","2022-02-01","2022-02-01 1100"
"77",292,-81.7259664565229,26.0473175964992,"BP04-01FEB22","COSWFL",2022,1104,"Adult","Male","A",8.8,268,231,17.4,7.9,427374,2881125,"N of Henderson Creek","Scout","","Collier","RBNERR"," IB, IE, KyF ","Ender",NA,"",NA,NA,NA,NA,NA,NA,"","","","","{D12815CA-7000-488F-A6DD-28174A582DE6}","","South","West","","","","","direct","2022-02-01","2022-02-01 1104"
"78",356,-81.7182871002938,26.0199746623298,"BP01-07FEB23","COSWFL",2023,1032,"Adult","Female","A",15.3,465,419,105.8,48,428122,2878094,"Rookery bay ","Scout","","Collier","RBNERR"," IE, BH, TB, AF","Ender",60,"",0,NA,NA,NA,NA,NA,"","","","Stretched Out","{F078836E-FD41-4CCA-B940-F582D06C77D8}","","South","West","Shrek","","","","direct","2023-02-07","2023-02-07 1032"
"79",398,-81.7290931141643,26.0611700167033,"BP01-01FEB24","COSWFL",2024,1200,"Adult","Female","A",11.7,356,316,54.5,24.7,427069,2882653,"N of Henderson Creek","Scout","","Collier","RBNERR"," IB, IE, CW","Ender",NA,"",65,NA,NA,NA,NA,NA,"","","","Courting/Mating","{11D42CA5-6778-4E54-A1DA-FE8E2EA4A736}","YES","South","West","","","","","","2024-02-01","2024-02-01 1200"
"80",416,-81.7298003142717,26.0606207406733,"BP02-27FEB24","COSWFL",2024,122,"Adult","Male","A",11.3,345,305,37.4,17,427002,2882602,"N of Henderson Creek","Scout","","Collier","RBNERR"," IB IE CW","Ender",NA,"",NA,NA,NA,NA,NA,NA,"","","","Basking","{BB8AEABD-B629-4AD0-A6FC-119AE791866B}","","","","","","","","","2024-02-27","2024-02-27 0122"
"81",417,-81.7297686251212,26.0606313820946,"BP03-27FEB24","COSWFL",2024,1200,"Adult","Female","A",11.2,342,310,52,23.6,427002,2882602,"N of Henderson Creek","Scout","","Collier","RBNERR"," IB IE CW","Ender",NA,"",NA,NA,NA,NA,NA,NA,"","","","Courting/Mating","{D6496B9A-1E83-42BB-995B-806C3AEB3D2C}","YES","","","","","","","","2024-02-27","2024-02-27 1200"
"82",64,-81.7182748521504,26.0199202903668,"BP01-09FEB17","COSWFL",2017,1024,"Adult","Male","Alive",10.5,320,275,33.2,15.1,428128,2878087,"Shell Island Rd","Scout","PYBI-37","Collier","RBNERR","IB, IE, JK, AF","Fiona",NA,"",NA,NA,NA,NA,NA,NA,"","","50% hidden, ~2m from Fiona; basking in sawgrass tussock; red mangrove, buttonwood, sawgrass, fern, bay, wax myrtle","","{9EE0F9BF-19D6-4A36-B3AF-A944F75CBC0C}","","South","West","","","","","direct","2017-02-09","2017-02-09 1024"
"83",1,-81.6706005259194,26.0013680412432,"BP01-07APR13","COSWFL",2013,1200,"Adult","Female","Alive",12,366,322,72.1,32.7,432888,2876007,"Road to Nowhere","Scout","PYBI - 05","Collier","RBNERR","IB/AF/NM","General",36,"",NA,NA,NA,NA,NA,NA,"","","female research animal-Paula","Courting/Mating","{6D509882-EFC7-4F8D-B739-AA7D1E4082BF}","YES","South","East","","","","","direct","2013-04-07","2013-04-07 1200"
"84",35,-81.7145446757432,26.0194873080401,"BP01-27FEB16","COSWFL",2016,1200,"Adult","Female","Alive",13.8,422,371,103.2,46.8,428501,2878037,"Shell Island Rd ","Scout","PYBI - 26","Collier","RBNERR","PTA","Grendel",58,"",NA,NA,NA,NA,NA,NA,"","","found in proximity to male research animal (PYBI - 22); female research animal - Fiona","Courting/Mating","{B33EAA7D-AEF0-4722-9C66-E6C2DD125FD2}","YES","South","West","","","","","direct","2016-02-27","2016-02-27 1200"
"85",36,-81.7145446757432,26.0194873080401,"BP02-27FEB16","COSWFL",2016,1200,"Adult","Male","Alive",8.6,263,243,NA,NA,428501,2878037,"Shell Island Rd ","Scout","","Collier","RBNERR","PTA","Grendel",NA,"",NA,NA,NA,NA,NA,NA,"","","found in proximity to male research animal (PYBI - 22)","Courting/Mating","{CCFDFC3D-310D-4B02-9A76-B78D629519AC}","","South","West","","","","","direct","2016-02-27","2016-02-27 1200"
"86",37,-81.7145446757432,26.0194873080401,"BP03-27FEB16","COSWFL",2016,1200,"Adult","Male","Alive",8,243,212,NA,NA,428501,2878037,"Shell Island Rd ","Scout","","Collier","RBNERR","PTA","Grendel",NA,"",NA,NA,NA,NA,NA,NA,"","","labyrinth; found in proximity to male research animal (PYBI - 22)","Courting/Mating","{D75FAA5F-046A-4404-8657-791D4FC85B8E}","","South","West","","","","","direct","2016-02-27","2016-02-27 1200"
"87",53,-81.7129991246804,26.0051652591639,"BP01-19JAN17","COSWFL",2017,1137,"Adult","Female","Alive",12.1,369,347,90.5,41,428647,2876450,"Shell Island Rd","Scout","","Collier","RBNERR","IB, IE, JK, Kodiak","Grendel",63,"",NA,NA,NA,NA,NA,NA,"","scrub oak, dodder, palmetto, muscadine, lyonia; sunny","5m from Grendel who was in a burrow; Shrek was about 60m from burrow","Basking","{5D13887A-670B-49A6-B189-F34AEADEB513}","YES","South","West","Shrek","","","","direct","2017-01-19","2017-01-19 1137"
"88",93,-81.7071274618291,26.0141332220869,"BP01-05FEB18","COSWFL",2018,1500,"Adult","Female","Alive",13.6,416,370,84.4,38.3,429240,2877440,"Shell Island Rd","Scout","","Collier","RBNERR","IB,IE,MH","Grendel",41,"",90,NA,NA,NA,NA,NA,"","under leather fern in mangrove forest","","Coiled","{D12A171C-89F9-4C39-9DCC-724E69A3F990}","YES","South","West","","","","","direct","2018-02-05","2018-02-05 1500"
"89",103,-81.7140146540594,26.017774340096,"BP01-18FEB18","COSWFL",2018,1200,"Adult","Male","Alive",8,245,211,13.9,6.3,428553,2877847,"Shell Island Rd","Scout","7845710","Collier","RBNERR","IB, KH, NC","Grendel",NA,"",NA,NA,NA,NA,NA,NA,"","scrubland","extracted from gopher tortoise burrow w/ labyrinth female and male telemetered animal (PYBI-22)","Courting/Mating","{0B5030B3-44B0-4ACE-AF28-FF28A46EAC20}","","South","West","","","","","direct","2018-02-18","2018-02-18 1200"
"90",104,-81.7140146540594,26.017774340096,"BP02-18FEB18","COSWFL",2018,1200,"Adult","Female","Alive",11.3,344,301,50.7,23,428553,2877847,"Shell Island Rd","Scout","7845710","Collier","RBNERR","IB, KH, NC","Grendel",28,"",NA,NA,NA,NA,NA,NA,"","scrubland","labyrinth; extracted from gopher tortoise burrow w/ small male and male telemetered animal (PYBI-22)","Courting/Mating","{C2A2CF9D-DDAE-4587-8141-FE78C822D528}","YES","South","West","","","","","direct","2018-02-18","2018-02-18 1200"
"91",449,-81.7111180367952,26.0155859804907,"BP02-03FEB25","COSWFL",2025,1219,"Adult","Female","A",16.4,500,445,131.6,59.7,428838,2877603,"Shell Island Rd","Scout","","Collier",""," IB, IE, KaK, JE","Guy Bradley",NA,"",NA,NA,NA,NA,NA,NA,"GOTO","","Guy Bradley","","{985D0BFA-9CD9-431A-A490-13EBA62039E8}","","South","West","","","","","","2025-02-03","2025-02-03 1219"
"92",130,-81.7458359334462,26.071925101329,"BP04-18FEB19","COSWFL",2019,1648,"Adult","Male","Alive",9.8,300,260,20.3,9.2,425403,2883862,"Treviso Bay","Scout","PYBI-57 Charlie","Collier","RBNERR","IB, IE, KK","Harriet",NA,"",NA,NA,NA,NA,NA,NA,"","","Harriet was wrapped up with this male (Charlie) and Luther was nearby","","{9B825C17-095E-4133-B5DE-0260486BEF28}","","South","West","Luther","","","","direct","2019-02-18","2019-02-18 1648"
"93",133,-81.7458173112371,26.0721419007593,"BP01-25FEB19","COSWFL",2019,941,"Adult","Male","Alive",9.2,280,243,18.6,8.5,425405,2883886,"Treviso Bay","Scout","PYBI-56 Eddie","Collier","RBNERR","IB, IE, KK","Harriet",NA,"",NA,NA,NA,NA,NA,NA,"","sawgrass and buttonwood","Harriet was copulating with this male (Eddie) and luther was nearby","Courting/Mating","{D4883B7A-F976-46E7-8CE5-7F03DFECD0F5}","","South","West","Luther","","","","direct","2019-02-25","2019-02-25 0941"
"94",313,-81.7498448258738,26.0750163149475,"BP01-01MAR22","COSWFL",2022,1030,"Adult","Male","A",11.3,344,300,38.4,17.4,425000,2884202,"Treviso Bay","Scout","","Collier","RBNERR","IB, IE, KyF","Harriet",NA,"",0,NA,NA,NA,NA,NA,"Natural","Cabbage palm root surrounded by leather ferns and water","","Courting/Mating","{3BC856CF-4B51-433D-9F67-DF45E504936F}","","South","West","Barack","Malcolm","Luther","Eddie","direct","2022-03-01","2022-03-01 1030"
"95",336,-81.7552938360783,26.0621464029251,"BP01-02JAN23","COSWFL",2023,1236,"Adult","Male","A",6.8,208,187,7.9,3.6,424451,2882783,"Sand Hill Rookery Bay","Scout","","Collier","RBNERR"," IB, IE, BH, TB","Harriet",NA,"",NA,NA,NA,NA,NA,NA,"","","","Stretched Out","{EFBBD17C-518D-4195-89A1-AF00596C58AD}","","South","West","","","","","direct","2023-01-02","2023-01-02 1236"
"96",451,-81.7573483951209,26.0626546162859,"BP02-05FEB25","COSWFL",2025,1219,"Adult","Male","A",13.45,410,360,71.85,32.59,424242,2882840,"Sand Hill Rookery Bay","Scout","PYBI-116","Collier",""," IB, IE, KaK, JE","Harriet",NA,"",NA,NA,NA,NA,NA,NA,"","","","","{DE0B55F7-3462-434D-A0AC-D771325BB0BC}","","South","West","","","","","direct","2025-02-05","2025-02-05 1219"
"97",52,-81.6375208567095,25.9927951321905,"BP01-18JAN17","COSWFL",2017,1219,"Adult","Female","Alive",11.1,338,296,52.8,24,436194,2875041,"S of Curcie Rd","Scout","","Collier","Curcie","IB, IE, JK","Jaeger",38,"",NA,32.0999984741211,NA,25.2000007629395,31.6000003814697,NA,"","ferns, poison ivy, mangroves","10ft from Jaeger, seemed dazed, may have been mating?","Courting/Mating","{3D689C04-7237-4112-988E-D9E273FADD66}","YES","South","East","","","","","direct","2017-01-18","2017-01-18 1219"
"98",69,-81.6354657056814,25.9915039230001,"BP01-17FEB17","COSWFL",2017,1314,"Adult","Female","Alive",11.5,351,310,66.9,30.4,436399,2874897,"S of Curcie Rd","Scout","","Collier","Curcie","IB, IE","Jaeger",41,"",NA,NA,NA,NA,NA,NA,"","","","","{A17F3135-61A9-4AD1-BB13-4C418D1F4AF9}","YES","South","East","","","","","direct","2017-02-17","2017-02-17 1314"
"99",77,-81.6355821990234,26.0020137755987,"BP01-06MAR17","COSWFL",2017,1026,"Adult","Female","Alive",11.5,352,310,58.6,26.6,436393,2876061,"N of Curcie Rd","Scout","","Collier","Curcie","IB, IE, JK","Jaeger",46,"",NA,NA,NA,NA,NA,NA,"","","~2m from Jaeger","","{8F67CA1A-476E-4CC9-92DC-F7096293166F}","YES","South","East","","","","","direct","2017-03-06","2017-03-06 1026"
"100",230,-81.737282251391,26.0654591690978,"BP02-17FEB21","COSWFL",2021,1153,"Adult","Male","A",11.9,362,313,55.1,25,426254,2883143,"N of Henderson Creek","Scout","","Collier","RBNERR"," IB, IE, AF, ME","Jensen",NA,"",NA,NA,NA,NA,NA,NA,"","","","Courting/Mating","{3D7D12A4-64B7-4F2C-8DDA-960B5A518E01}","","South","West","","","","","direct","2021-02-17","2021-02-17 1153"
"101",235,-81.7372501365534,26.0654750450232,"BP01-17FEB21","COSWFL",2021,1153,"Adult","Female","A",10.1,308,270,34.7,15.8,426264,2883142,"N of Henderson Creek","Scout","","Collier","RBNERR"," IB, IE, AF, ME","Jensen",37,"",NA,NA,NA,NA,NA,NA,"","","","Courting/Mating","{B31EE8F9-20AE-4D2C-85B4-854607E82E07}","YES","South","West","","","","","direct","2021-02-18","2021-02-18 1153"
"102",265,-81.7145021079656,26.0588945960979,"BP01-03JAN22","COSWFL",2022,1016,"Adult","Female","A",14.3,435,385,86.8,39.35,428528,2882403,"Artesia ","Scout","","Collier","Development"," IB, IE","Jensen",54,"",90,NA,NA,NA,NA,NA,"","","","Courting/Mating","{AB9B1B30-4F15-4369-A810-9679CE21AB28}","YES","South","West","","","","","direct","2022-01-03","2022-01-03 1016"
"103",446,-81.7273372139734,26.0564931601502,"BP01-31JAN25","COSWFL",2025,1218,"Adult","Male","A",7.8,237,207,12.5,5.7,427243,2882142,"N of Henderson Creek","Scout","","Collier",""," IB, IE, JE","Jensen",NA,"",NA,NA,NA,NA,NA,NA,"","","found nearby Jensen on crawl, female around and captured in a burrow","","{52DD0CE6-BF09-43BC-9855-9A7CCB9C8AB7}","","South","West","","","","","direct","2025-02-01","2025-02-01 1218"
"104",447,-81.7273295856003,26.0564933186635,"BP02-31JAN25","COSWFL",2025,1235,"Adult","Female","A",9.2,280,248,27,12.2,427244,2882142,"N of Henderson Creek","Scout","","Collier",""," IB, IE, JE","Jensen",NA,"",NA,NA,NA,NA,NA,NA,"","","found in burrow (armadillo) near Jensen and small male","","{9F9B6415-DBDD-4448-BE1B-8F08C4FB7DCB}","","South","West","","","","","direct","2025-02-01","2025-02-01 1235"
"105",12,-81.615996246017,26.0055478103301,"BP01-11FEB15","COSWFL",2015,1334,"Adult","Male","Alive",12.2,372,326,55,25,438355,2876443,"41 South","Scout","","Collier","Six L's Agricultural","IB","Jill",NA,"",NA,NA,NA,NA,NA,NA,"","","Jill's Suitor (euth 24MAR15)","Courting/Mating","{431A16FA-4E69-43C6-A7BF-66806CCAE8E7}","","South","East","","","","","direct","2015-02-11","2015-02-11 1334"
"106",21,-81.7309661113834,26.0585474726072,"BP01-12JAN16","COSWFL",2016,1200,"Adult","Female","Alive",11.3,345,305,61.3,27.8,426882,2882372,"North of Henderson Creek","Scout","","Collier","RBNERR","IB, CPE, IE, LJ","Kirkland",44,"",NA,NA,NA,NA,NA,NA,"DILLO","","found in burrow in proximity to male research animal (PYBI - 13)","Underground, Courting/Mating","{842A6CB4-E744-4B0F-B0A6-7ED58CE1B9E9}","YES","South","West","","","","","direct","2016-01-12","2016-01-12 1200"
"107",24,-81.7317967974237,26.0619202353648,"BP01-15FEB16","COSWFL",2016,1200,"Adult","Male","Alive",16,489,433,139.9,63.5,426801,2882746,"North of Henderson Creek","Scout","","Collier","RBNERR","IB, CPE, IE","Kirkland",NA,"",NA,NA,NA,NA,NA,NA,"","","found in proximity to gravid female and male research animal (PYBI-13)","Courting/Mating","{6A162F60-5EAB-43BA-BA35-B6D8604596E4}","","South","West","","","","","direct","2016-02-15","2016-02-15 1200"
"108",25,-81.7317967974237,26.0619202353648,"BP02-15FEB16","COSWFL",2016,1200,"Adult","Female","Alive",11,336,297,48.8,22.2,426801,2882746,"North of Henderson Creek","Scout","","Collier","RBNERR","IB, CPE, IE","Kirkland",34,"",NA,NA,NA,NA,NA,NA,"","","found in burrow in proximity to male research animal (PYBI - 13)","Underground, Courting/Mating","{FB2C700B-50CA-4EE8-9A19-C956BD867DDD}","YES","South","West","","","","","direct","2016-02-15","2016-02-15 1200"
"109",28,-81.7319886039115,26.0590027888521,"BP01-19FEB16","COSWFL",2016,1200,"Adult","Female","Alive",12.2,373,330,70.8,32.1,426780,2882423,"North of Henderson Creek","Scout","","Collier","RBNERR","IB, CPE, IE, CR, KH","Kirkland",50,"",NA,NA,NA,NA,NA,NA,"","","found moving into burrow in proximity to male research animal (PYBI-13)","Courting/Mating","{67805B25-2D19-4D6C-938A-990EB6B13764}","YES","South","West","","","","","direct","2016-02-19","2016-02-19 1200"
"110",38,-81.7298730927603,26.058002212092,"BP01-08MAR16","COSWFL",2016,1200,"Adult","Male","Alive",9.4,286,246,20.8,9.5,426991,2882311,"North of Henderson Creek","Scout","","Collier","RBNERR","IB, CPE, IE, LJ","Kirkland",NA,"",NA,NA,NA,NA,NA,NA,"","","found in proximity to male research animal (PYBI-13) / Leifs first capture","Courting/Mating","{23F1B84C-2D03-44CB-A013-9BC985232158}","","South","West","","","","","direct","2016-03-08","2016-03-08 1200"
"111",45,-81.7135768890436,26.04947868154,"BP03-05JAN17","COSWFL",2017,1410,"Adult","Male","Alive",10.1,309,270,35.1,15.9,428616,2881358,"N of Henderson Creek","Scout","PYBI-35","Collier","RBNERR","IB, IE, JK","Kirkland",NA,"",NA,NA,NA,NA,NA,NA,"","<1m inside burrow, about 2ft below surface; dense saw palmetto, pine, earleaf acacia","","Underground","{2B93A422-D9C1-46D6-9BE9-A62D83D3434B}","","South","West","","","","","direct","2017-01-05","2017-01-05 1410"
"112",56,-81.7250688190054,26.0489248322534,"BP01-31JAN17","COSWFL",2017,1245,"Adult","Female","Alive",14.5,443,394,99.3,45.2,427466,2881303,"N of Henderson Creek","Scout","","Collier","RBNERR","IB, IE, JK","Kirkland",50,"",NA,NA,NA,NA,NA,NA,"","","tried to slip into water","Basking","{E1475579-F256-431D-A5A1-05BC018E77A0}","YES","South","West","","","","","direct","2017-01-31","2017-01-31 1245"
"113",59,-81.7252587906269,26.0489329077968,"BP03-06FEB17","COSWFL",2017,1356,"Adult","Male","Alive",10.6,322,281,31,14.1,427447,2881304,"N of Henderson Creek","Scout","","Collier","RBNERR","IB, IE, JK, AF","Kirkland",NA,"",NA,NA,NA,NA,NA,NA,"","cattails near leather fern/marsh ecotone","","Traveling","{E276451E-AD97-42A0-BE6B-CEF8B7121C36}","","South","West","","","","","direct","2017-02-06","2017-02-06 1356"
"114",83,-81.7175379402591,26.020348332118,"BP01-09JAN18","COSWFL",2018,1211,"Adult","Male","Alive",10.9,333,291,41.4,18.8,428202,2878134,"Shell Island Rd","Scout","","Collier","RBNERR","IB, IE, MH","Kirkland",NA,"",NA,NA,NA,NA,NA,NA,"","","100% visible, stretched out in open patch","","{32C43200-EE77-448A-9CF1-7A0FD9193F3C}","","South","West","","","","","direct","2018-01-09","2018-01-09 1211"
"115",125,-81.7149966670596,26.024812418977,"BP01-14FEB19","COSWFL",2019,1306,"Adult","Female","Alive",11.2,341,300,52.9,24,428459,2878627,"Shell Island Rd","Scout","","Collier","RBNERR","IB, IE, KK, AF","Kirkland",35,"",NA,NA,NA,NA,NA,NA,"","dense leather fern surrounded by mangrove swamp","periscoping in dense leather fern close by Kirkland","","{1CFCB68C-AD8C-459E-A99F-09496184C03C}","YES","South","West","Malcolm","","","","direct","2019-02-14","2019-02-14 1306"
"116",448,-81.7123096063169,26.0119021369094,"BP01-03FEB25","COSWFL",2025,1121,"Adult","Female","A",11.9,364,323,70.9,32.1,428719,2877198,"Shell Island Rd","Scout","","Collier",""," IB, IE, KaK, JE","Kirkland",NA,"",NA,NA,NA,NA,NA,NA,"","","","","{1950DBD3-D29C-4E54-A3FA-3B427E6F7517}","","South","West","","","","","","2025-02-03","2025-02-03 1121"
"117",116,-81.6238638169265,25.9910939165853,"BP01-03JAN19","COSWFL",2019,1102,"Adult","Male","Alive",9.4,285,250,18.4,8.4,437560,2874846,"Curcie Road near radio station","Scout","","Collier","Curcie","IB, IE, KK, KF","Lucky",NA,"",NA,NA,NA,NA,NA,NA,"","S facing edge of disturbed treeline","","Basking, Shedding","{2A2216F7-711B-4925-93CF-45111712FEEE}","","South","East","","","","","direct","2019-01-03","2019-01-03 1102"
"118",122,-81.6239364278776,25.9878158788848,"BP01-16JAN19","COSWFL",2019,1239,"Adult","Male","Alive",8.3,254,221,13.6,6.2,437551,2874483,"San Marco Rd","Scout","","Collier","Curcie","IB, IE, KK, MiB","Lucky",NA,"",NA,NA,NA,NA,NA,NA,"","","found basking in proximity to male sentinel animal and L. getula (Florida Kingsnake)","","{6838F307-12D5-4FEE-A876-C6499D518B9A}","","South","East","","","","","direct","2019-01-16","2019-01-16 1239"
"119",126,-81.6267409473309,25.9853838386052,"BP01-15FEB19","COSWFL",2019,1004,"Adult","Female","Alive",9.7,297,261,35.6,16.2,437269,2874215,"SR92","Scout","","Collier","Curcie","IB, KK, KF, AF","Lucky",25,"",NA,NA,NA,NA,NA,NA,"","Between mangroves and manicured grass, pepper, tall grasses and smileaxe","found along edge of road within 1m of Lucky","","{C3DC496D-E380-4F7A-BE7E-E4A8D16A63D8}","YES","South","East","","","","","direct","2019-02-15","2019-02-15 1004"
"120",140,-81.6270987566943,25.9906826296829,"BP02-06MAR19","COSWFL",2019,1441,"Adult","Female","Alive",11.4,346,305,46,20.9,437236,2874802,"SR92","Scout","","Collier","Curcie","IB, IE, KK","Lucky",38,"",100,NA,NA,NA,NA,NA,"","mangroves at edge of waterway","Edge of canal waterway in mangroves","Undercover ","{DC829949-4A2F-497F-9774-7843FCFA2061}","YES","South","East","","","","","direct","2019-03-06","2019-03-06 1441"
"121",39,-81.7536922436728,26.0934732944018,"BP02-08MAR16","COSWFL",2016,1200,"Adult","Female","Alive",11.8,359,318,61.1,27.7,424631,2886253,"Isles of Collier Reserve","Scout","","Collier","Development","IB, CPE, IE, LJ","Luther",48,"",NA,NA,NA,NA,NA,NA,"","","found moving into burrow in proximity to male research animal (PYBI-19)","Courting/Mating","{74D696BE-C7C7-4C01-8F5C-3441E53D3234}","YES","South","West","","","","","direct","2016-03-08","2016-03-08 1200"
"122",40,-81.7536922436728,26.0934732944018,"BP03-08MAR16","COSWFL",2016,1200,"Adult","Male","Dead",10,306,266,28.7,13,424631,2886253,"Isles of Collier Reserve","Scout","","Collier","Development","IB, CPE, IE, LJ","Luther",NA,"",NA,NA,NA,NA,NA,NA,"","","found in burrow in proximity to male research animal (PYBI-19); found dead at end chamber","Underground, Courting/Mating","{E5E03163-D880-47EE-8A0E-4878B5D953D7}","","South","West","","","","","direct","2016-03-08","2016-03-08 1200"
"123",41,-81.7536922436728,26.0934732944018,"BP04-08MAR16","COSWFL",2016,1200,"Adult","Male","Alive",9.3,284,248,22.9,10.4,424631,2886253,"Isles of Collier Reserve","Scout","PYBI - 27","Collier","Development","IB, CPE, IE, LJ","Luther",NA,"",NA,NA,NA,NA,NA,NA,"","","found moving toward burrow in proximity to male research animal (PYBI-19); male research animal - Malcolm","Courting/Mating","{5B598EE2-1BF8-46AE-8776-A6C7337DDCB5}","","South","West","","","","","direct","2016-03-08","2016-03-08 1200"
"124",42,-81.7570310533072,26.0839841121992,"BP01-19DEC16","COSWFL",2016,1425,"Adult","Female","Alive",14,428,372,90,40.8,424291,2885204,"Isles of Collier Reserve","Scout","","Collier","RBNERR","IB, IE, JK","Luther",74,"",NA,NA,NA,NA,NA,NA,"GOTO, Inactive","scrub","found in inactive burrow (Malcolm was 17m away; Luther was 6m away)","Underground, Courting/Mating","{56A9D518-CB2B-4E54-B782-6D3A9D25C2FF}","YES","South","West","Malcolm","","","","direct","2016-12-19","2016-12-19 1425"
"125",112,-81.7450019139058,26.0712612400982,"BP01-28DEC18","COSWFL",2018,1417,"Adult","Female","Alive",9.7,295,261,37.3,16.9,425486,2883788,"W of Treviso Bay","Scout","PYBI-55 Harriet","Collier","RBNERR","IB, IE, KK, AF","Luther",28,"",NA,NA,NA,NA,NA,NA,"","scrub oak island","Slithering towards burrow in proximity to PYBI-19","Traveling","{3061DE28-A3FE-4A72-9615-6D27FB6314B3}","YES","South","West","","","","","direct","2018-12-28","2018-12-28 1417"
"126",173,-81.751927290441,26.0962657413068,"BP01-17FEB20","COSWFL",2020,1004,"Adult","Female","A",10.9,332,293,40.8,18.5,424810,2886565,"Isles of Collier Reserve","Scout","","Collier","Development","IB, IE, AlF","Luther",72,"",NA,NA,NA,NA,NA,NA,"","","found in DILLO burrow","","{E773B43D-7C93-4167-A2DA-EAAE899734E5}","YES","South","West","","","","","direct","2020-02-17","2020-02-17 1004"
"127",174,-81.7518705088309,26.0963227816886,"BP02-17FEB20","COSWFL",2020,1126,"Adult","Male","A",8,243,209,12.8,5.8,424819,2886565,"Isles of Collier Reserve","Scout","PYBI-72 Barack","Collier","Development","IB, IE, AlF","Luther",NA,"",NA,NA,NA,NA,NA,NA,"","","found in DILLO burrow","","{482182B5-260D-4A6E-B96F-A846F4C89508}","","South","West","","","","","direct","2020-02-17","2020-02-17 1126"
"128",220,-81.746251889886,26.0663878900721,"BP01-04FEB21","COSWFL",2021,1141,"Adult","Female","A",11.4,348,307,57.3,26,425358,2883243,"W of Treviso Bay","Scout","","Collier","RBNERR"," IB, IE, ME","Luther",29,"",100,22.2000007629395,NA,23.2999992370605,27.8999996185303,NA,"DILLO","","","Underground","{94907E59-C335-448C-B44F-9F5C8E0A0217}","YES","South","West","","","","","direct","2021-02-04","2021-02-04 1141"
"129",376,-81.7600113249955,26.0767692797923,"BP04-21FEB23","COSWFL",2023,1354,"Adult","Female","A",10.4,317,279,28.2,12.8,423988,2884407,"Isle of Collier","Scout","","Collier","RBNERR","IE, TB, BH ","Luther",21,"",0,NA,NA,NA,NA,NA,"","","","Courting/Mating","{06977BE1-DB86-4A90-AF6C-86D1F7633321}","YES","South","West","","","","","direct","2023-02-21","2023-02-21 1354"
"130",464,-81.7610336374465,26.0787406687997,"BP01-18FEB25","COSWFL",2025,1045,"Adult","Female","A",13.9,423,370,94.5,42.9,423890,2884622,"Isles of Collier","Scout","","Collier",""," IB, IE, KaK, JE","Luther",NA,"",NA,NA,NA,NA,NA,NA,"","","7 snake aggregation, one male escape","","{E6C05007-E18C-493E-93D7-9B758CB5C16F}","","South","West","","","","","direct","2025-02-19","2025-02-19 1045"
"131",465,-81.7610336374465,26.0787406687997,"BP02-18FEB25","COSWFL",2025,1045,"Adult","Male","A",13,397,351,60.6,27.5,423890,2884622,"Isles of Collier","Scout","","Collier",""," IB, IE, KaK, JE","Luther",NA,"",NA,NA,NA,NA,NA,NA,"","","7 snake aggregation, one male escape","","{36393109-05CE-4BFA-B93E-2B7B158D5956}","","South","West","","","","","direct","2025-02-19","2025-02-19 1045"
"132",466,-81.7610336374465,26.0787406687997,"BP03-18FEB25","COSWFL",2025,1045,"Adult","Male","A",10.3,313,272,28,12.7,423890,2884622,"Isles of Collier","Scout","","Collier",""," IB, IE, KaK, JE","Luther",NA,"",NA,NA,NA,NA,NA,NA,"","","7 snake aggregation, one male escape","","{DC923AA1-BC32-412E-B9E0-9F8AF0343807}","","South","West","","","","","direct","2025-02-19","2025-02-19 1045"
"133",467,-81.7610336374465,26.0787406687997,"BP04-18FEB25","COSWFL",2025,1045,"Adult","Male","A",8.2,249,220,11.4,5.2,423890,2884622,"Isles of Collier","Scout","","Collier",""," IB, IE, KaK, JE","Luther",NA,"",NA,NA,NA,NA,NA,NA,"","","7 snake aggregation, one male escape","","{EEFC3E63-0A9F-4BB0-8BCC-22C2DF36F2FB}","","South","West","","","","","direct","2025-02-19","2025-02-19 1045"
"134",469,-81.7610336374465,26.0787406687997,"BP05-18FEB25","COSWFL",2025,1045,"Adult","Male","A",7.4,227,196,10.3,4.7,423890,2884622,"Isles of Collier","Scout","","Collier",""," IB, IE, KaK, JE","Luther",NA,"",NA,NA,NA,NA,NA,NA,"","","7 snake aggregation, one male escape","","{68668C51-EA0A-4662-B877-A93688C17187}","","South","West","","","","","direct","2025-02-19","2025-02-19 1045"
"135",460,-81.7475353550386,26.0651810762593,"BP01-13FEB25","COSWFL",2025,1045,"Adult","Female","A",15.48,472,422,139.4,63.22,425228,2883118,"W of Treviso Bay","Scout","","Collier",""," IB, IE, KaK, JE","Malcolm",NA,"",NA,NA,NA,NA,NA,NA,"","","","","{FAB0BA3F-C1E2-4C02-B02C-68792868A73A}","","South","West","","","","","direct","2025-02-14","2025-02-14 1045"
"136",461,-81.7475353550386,26.0651810762593,"BP02-13FEB25","COSWFL",2025,1050,"Adult","Male","A",8.89,271,241,16.1,7.31,425228,2883118,"W of Treviso Bay","Scout","","Collier",""," IB, IE, KaK, JE","Malcolm",NA,"",NA,NA,NA,NA,NA,NA,"","","","","{AA9E3BAA-9EC0-4D9A-B3AC-AFEFB7BCDF6B}","","South","West","","","","","direct","2025-02-14","2025-02-14 1050"
"137",462,-81.7475353550386,26.0651810762593,"BP03-13FEB25","COSWFL",2025,1050,"Adult","Male","A",10.4,317,278,30.7,13.91,425228,2883118,"W of Treviso Bay","Scout","","Collier",""," IB, IE, KaK, JE","Malcolm",NA,"",NA,NA,NA,NA,NA,NA,"","","","","{E62EB23B-5733-4340-94EF-2ECEB1F54374}","","South","West","","","","","direct","2025-02-14","2025-02-14 1050"
"138",463,-81.7475353550386,26.0651810762593,"BP04-13FEB25","COSWFL",2025,1050,"Adult","Male","A",11.9,364,319,50.5,22.88,425228,2883118,"W of Treviso Bay","Scout","","Collier",""," IB, IE, KaK, JE","Malcolm",NA,"",NA,NA,NA,NA,NA,NA,"","","","","{E112246B-B2F0-4D9F-B676-23EEDB65A8EA}","","South","West","","","","","direct","2025-02-14","2025-02-14 1050"
"139",10,-81.6214150144785,25.9947072440742,"BP01-07FEB15","COSWFL",2015,1350,"Adult","Female","Alive",10.2,311,275,43.2,19.6,437807,2875245,"Curcie Rd","Scout","","Collier","Curcie","IB/AF","Marshall",38,"",NA,NA,NA,NA,NA,NA,"","","(euth 20FEB15) found in proximity to recovered male research animal (PYBI - 06)","Courting/Mating","{2ACF8996-9838-4B20-8380-A63CDF16FD52}","YES","South","East","","","","","direct","2015-02-07","2015-02-07 1350"
"140",177,-81.6445930851862,26.0266262014809,"BP01-18FEB20","COSWFL",2020,1214,"Adult","Female","A",9,274,242,28.6,13,435504,2878792,"Fiddler’s Agricultural","Scout","","Collier","Fiddler's Creek","IB, IE, AlF ","McLovin",23,"",NA,NA,NA,NA,NA,NA,"","","caught courting on levee under vine cover w/ PYBI-62","Courting/Mating","{0AA8F152-5823-4097-9343-ABE48FDB792A}","YES","South","East","","","","","direct","2020-02-18","2020-02-18 1214"
"141",212,-81.6371243384216,26.017004299168,"BP02-20JAN21","COSWFL",2021,1255,"Adult","Female","A",11.4,346,309,52.1,23.7,436240,2877725,"Auto Ranch Rd","Scout","","Collier","Development","IB, IE, ME","McLovin",42,"",NA,NA,NA,25,29.8999996185303,NA,"","Disturbed area on top of mound","","Basking","{52D45E3E-51A8-4DEA-9DD4-BD2C49965602}","YES","South","East","","","","","direct","2021-01-20","2021-01-20 1255"
"142",82,-81.6536217718682,26.0117574535209,"BP01-28DEC17","COSWFL",2017,1045,"Adult","Male","Alive",9.1,277,238,24,10.9,434593,2877149,"Fiddler's Agricultural, S Line","Scout","","Collier","Fiddler's Creek","IB, IE, MH, AF","Mick",NA,"",NA,NA,NA,NA,NA,NA,"","","shedding; found in proximity to male telemetered animal (PYBI-39) along S edge of levee in dense para","","{D3A2D2D6-5C64-4B06-8951-D0F95509E91A}","","South","East","","","","","direct","2017-12-28","2017-12-28 1045"
"143",86,-81.6566582065236,26.0079151933817,"BP01-16JAN18","COSWFL",2018,1150,"Adult","Female","Alive",9.8,300,263,30,13.6,434287,2876725,"RIBS","Scout","","Collier","RIBS","IB, IE, MH","Mick",27,"",NA,NA,NA,NA,NA,NA,"","","on edge of ribs near fence","","{0F4B8C15-600F-4523-81A4-4961EB3C11AF}","YES","South","East","","","","","indirect","2018-01-16","2018-01-16 1150"
"144",108,-81.6539537280217,26.012153249694,"BP01-21MAR18","COSWFL",2018,1149,"Adult","Female","Alive",11.8,360,317,59.1,26.8,434560,2877193,"Fiddler's Agricultural","Scout","","Collier","Fiddler's Creek","IE, MH, AuF, KF","Mick",NA,"",95,NA,NA,NA,NA,NA,"","para edge of canal, pepper overstory","mid-size female found next to urate and shed skin (most likely hers) only a meter or two away from Mick; has large prey item!!","Undercover","{1D48E6BC-3F2C-4FCC-BDD6-1B3C7FE336B8}","","South","East","","","","","direct","2018-03-21","2018-03-21 1149"
"145",117,-81.6483748335584,26.0225442233631,"BP01-07JAN19","COSWFL",2019,1100,"Adult","Male","Alive",8.9,272,237,17.7,8.1,435124,2878341,"Fiddlers Agricultural","Scout","","Collier","Fiddler's Creek","IB, IE, KK","Mick",NA,"",NA,NA,NA,NA,NA,NA,"","levee","Found next to mick and close to Elvis","Undercover, Courting/Mating","{C94E4E19-CADA-431B-A22A-FDE61606660C}","","South","East","Elvis","","","","direct","2019-01-07","2019-01-07 1100"
"146",144,-81.6442332107519,26.0254341174007,"BP04-12MAR19","COSWFL",2019,1137,"Adult","Female","Alive",11.5,351,309,51.4,23.3,435540,2878659,"Fiddler's Agricultural","Scout","","Collier","Fiddler's Creek","IB, IE, KK","Mick",36,"",NA,NA,NA,NA,NA,NA,"","Para patch at edge of artificial lake ","In para grass bemeath Mick while mate gaurding on edge of artificial lake","under male","{A3BEA9E0-10F6-4E62-B46F-9941B717B5CA}","YES","South","East","","","","","direct","2019-03-12","2019-03-12 1137"
"147",150,-81.6432909025027,26.0106593092812,"BP01-12DEC19","COSWFL",2019,1258,"Adult","Male","A",8.8,269,232,18.3,8.3,435624,2877025,"Eagle Island","Scout","PYBI-65 Darwin","Collier","Fiddler's Creek","IB, IE, AlF","Newton",NA,"",NA,NA,NA,NA,NA,NA,"","saw palmetto/ oak scrub","on the move, indirect capture (PYBI - 50), stopped underneath saw palmetto","Traveling","{0C3EBE30-A0EF-4CBE-85E2-D985548CA0E1}","","South","East","","","","","direct","2019-12-12","2019-12-12 1258"
"148",156,-81.6507097357213,26.0091795112953,"BP01-14JAN20","COSWFL",2020,1248,"Adult","Male","A",7.9,241,208,12.9,5.9,434878,2876862,"S of Fiddler's Agricultural","Scout","","Collier","Fiddler's Creek"," IB AlF","Newton",NA,"",NA,NA,NA,NA,NA,NA,"","cabbage palm hammock","labyrinth","Basking","{08A91C24-D0BD-4982-A75F-AE7498EDAB06}","","South","East","","","","","direct","2020-01-14","2020-01-14 1248"
"149",190,-81.6493596809201,26.0099094959181,"BP01-03MAR20","COSWFL",2020,1309,"Adult","Female","A",10.5,320,282,36.6,16.6,435020,2876945,"S of Fiddlers’ Agricultural ","Scout","","Collier","Fiddler's Creek"," IB, IE, AlF, AF","Newton",28,"",NA,NA,NA,NA,NA,NA,"","","caught in aggregation with PYBI-50; recovered PYBI-40","Courting/Mating","{63BA45E5-EA8B-406F-815B-9DE9435433E3}","YES","South","East","","","","","direct","2020-03-03","2020-03-03 1309"
"150",242,-81.6348077536327,26.0027593654889,"BP01-23FEB21","COSWFL",2021,1340,"Adult","Female","A",14.4,439,396,88.3,40.1,436470,2876141,"N of Curcie Rd","Scout","","Collier","Curcie","IB, IE, ME","Newton",58,"",100,NA,NA,30.5,32.5,NA,"Natural","","","Underground","{92D27A01-E6B3-4484-ADA8-8041BDA26A89}","YES","South","East","","","","","direct","2021-02-23","2021-02-23 1340"
"151",243,-81.6348077536327,26.0027593654889,"BP02-23FEB21","COSWFL",2021,1340,"Adult","Male","A",9.3,282,232,31.8,14.4,436470,2876141,"N of Curcie Rd","Scout","","Collier","Curcie","IB, IE, ME","Newton",NA,"",100,NA,NA,30.5,32.5,NA,"Natural","","shedding","Underground","{E7B79D12-ACD2-44C8-9BC9-D4785E6A7EB4}","","South","East","","","","","direct","2021-02-23","2021-02-23 1340"
"152",202,-81.7153458256025,26.0207504243057,"BP01-28DEC20","COSWFL",2020,1543,"Adult","Male","A",8.5,258,224,17,7.7,428424,2878181,"","Scout","","Collier","RBNERR"," IB, IE, ME","Orion",NA,"",NA,NA,NA,24.7000007629395,26.5,NA,"Natural","Spoil mound in disturbed mangrove forest","","Coiled","{93BA7F24-47B0-4F45-9A0D-BFBEC5AFB6AC}","","South","West","Shrek","","","","direct","2020-12-28","2020-12-28 1543"
"153",248,-81.7184094755153,26.0157986812355,"BP01-01MAR21","COSWFL",2021,1020,"Adult","Female","A",15.3,466,412,108.5,49.2,428109,2877633,"Shell Island Rd","Scout","","Collier","RBNERR","IB, IE, ME","Orion",61,"",90,27.6000003814697,NA,27.6000003814697,29.7999992370605,NA,"","","","Courting/Mating","{4A4590ED-C356-42CE-A1D5-77631FE1C48D}","YES","South","West","","","","","direct","2021-03-01","2021-03-01 1020"
"154",300,-81.7075517377479,26.0193069273613,"BP02-15FEB22","COSWFL",2022,1318,"Adult","Female","A",15.1,460,407,85.5,38.75,429200,2878015,"Shell Island Rd","Scout","","Collier","RBNERR"," IB, IE, KyF ","Orion",49,"",NA,NA,NA,NA,NA,NA,"","Fern patch on the edge of a cat tail pond ","","","{54D33C7E-1F3D-455A-9E85-547619C50861}","YES","South","West","","","","","direct","2022-02-15","2022-02-15 1318"
"155",114,-81.6233861707848,25.9990329394677,"BP02-31DEC18","COSWFL",2018,1301,"Adult","Female","Alive",12.3,375,335,66.9,30.4,437612,2875725,"W of CSSP; N of Curcie","Scout","","Collier","Curcie","IE, KK, AF","Quatro",44,"",NA,NA,NA,NA,NA,NA,"","dense mixed hardwood w/ ferns","being courted by 30 lb male nearby sentinel male (PYBI-47)","Courting/Mating","{A4AEB298-BC34-4723-9ABB-936FE05555C4}","YES","South","East","","","","","direct","2018-12-31","2018-12-31 1301"
"156",115,-81.6233861707848,25.9990329394677,"BP03-31DEC18","COSWFL",2018,1301,"Adult","Male","Alive",11.1,337,295,30.2,13.7,437612,2875725,"W of CSSP; N of Curcie","Scout","PYBI-54 Seververus","Collier","Curcie","IE, KK, AF","Quatro",NA,"",NA,NA,NA,NA,NA,NA,"","dense mixed hardwood w/ ferns","courting female in proximity to male sentinel animal","Courting/Mating","{B1FF521F-6925-4928-A13B-ADD1734583C5}","","South","East","","","","","direct","2018-12-31","2018-12-31 1301"
"157",139,-81.625590809735,25.994589919282,"BP01-06MAR19","COSWFL",2019,1100,"Adult","Female","Alive",15.6,475,421,158.3,71.8,437389,2875234,"Curcie Lake","Scout","","Collier","Curcie","IB, IE, KK","Quatro",86,"",0,NA,NA,NA,NA,NA,"","mangrove edge of curcy lake with dense ferns at edge of sawgrass patch","Giant LAB 5m from quatro","Basking","{E06EB499-24F9-4B7A-AA66-0915B65099D2}","YES","South","East","","","","","direct","2019-03-06","2019-03-06 1100"
"158",157,-81.6313749778564,25.9909501852884,"BP01-18JAN20","COSWFL",2020,1157,"Adult","Female","A",11.6,355,315,48.4,22,436769,2874858,"Curcie Lake","Scout","","Collier","Curcie","IB, AF, AlF","Quatro",38,"",NA,NA,NA,NA,NA,NA,"","","caught basking near Quatro","Basking","{A8C05871-BA17-43D3-8584-AC8DF5F5C9C1}","YES","South","East","","","","","direct","2020-01-18","2020-01-18 1157"
"159",163,-81.6311445329716,25.9958053533172,"BP02-30JAN20","COSWFL",2020,1108,"Adult","Female","A",13.2,403,354,77.9,35.4,436832,2875372,"Curcie Lake","Scout","","Collier","Curcie"," IB, IE, AlF, AF","Quatro",37,"",NA,NA,NA,NA,NA,NA,"","Oak Hammock","","","{BF310441-8D85-4748-A3E5-54BBD0D971B3}","YES","South","East","","","","","direct","2020-01-30","2020-01-30 1108"
"160",171,-81.629175673505,25.9913796291713,"BP01-13FEB20","COSWFL",2020,1432,"Adult","Female","A",11.5,351,308,47.7,21.7,437030,2874881,"Curcie Lake","Scout","","Collier","Curcie","IB, IE, AlF, AF","Quatro",34,"",NA,NA,NA,NA,NA,NA,"","","found resting nearby PYBI-47","Basking","{A4920E78-59DD-4339-9B1E-CE39F13C3B3C}","YES","South","East","","","","","direct","2020-02-13","2020-02-13 1432"
"161",249,-81.6077656475206,25.9989616872574,"BP02-01MAR21","COSWFL",2021,1530,"Adult","Female","A",13.4,407,361,88.6,40.2,439173,2875714,"S of Old San Marco Rd","Scout","","Collier","CSSP","IB, IE, ME","Quatro",56,"",20,NA,NA,33.2999992370605,36.7000007629395,NA,"","","","Basking","{3A0002E5-E7A0-4BDA-8F4C-4E9BAA665B88}","YES","South","East","","","","","direct","2021-03-01","2021-03-01 1530"
"162",128,-81.6316217692397,25.9976066607905,"BP01-18FEB19","COSWFL",2019,1303,"Adult","Male","Alive",8.5,258,223,14.1,6.4,436787,2875571,"Curcie Lake","Scout","","Collier","Curcie","IB, IE, KK","Severus",NA,"",NA,NA,NA,NA,NA,NA,"","Edge of pond ","Severus, female and two smaller males","","{5101BBB0-6D65-4709-9584-8C6AD730F914}","","South","East","","","","","direct","2019-02-18","2019-02-18 1303"
"163",129,-81.631622203778,25.9976879246255,"BP02-18FEB19","COSWFL",2019,1303,"Adult","Female","Alive",14.3,435,385,113.5,51.5,436787,2875580,"Curcie Lake","Scout","","Collier","Curcie","IB, IE, KK","Severus",71,"",NA,NA,NA,NA,NA,NA,"","Edge of pond ","Severus, female and two smaller males","","{1C5BA89A-287B-477A-A600-016EB1749AB1}","YES","South","East","","","","","direct","2019-02-18","2019-02-18 1303"
"164",301,-81.7214934480675,26.0249323939396,"BP01-16FEB22","COSWFL",2022,1325,"Adult","Female","A",16.3,496,435,124.6,56.5,427810,2878646,"Shell island","Scout","","Collier","RBNERR"," IB, IE, KyF ","Shrek",43,"",0,NA,NA,NA,NA,NA,"","Small island with a buttonwood shield around the island, female was outstretched basking in fern patch ","","Basking","{0ECB355F-A418-44DB-A720-B0493C5C45EB}","","South","West","","","","","direct","2022-02-16","2022-02-16 1325"
"165",373,-81.7150053086392,26.0123185528279,"BP01-21FEB23","COSWFL",2023,1040,"Adult","Male","A",8.9,270,233,14.3,6.5,428452,2877244,"Shell Island Rd","Scout","","Collier","RBNERR"," IE, BH, TB","Shrek",NA,"",0,NA,NA,NA,NA,NA,"","","","Stretched Out","{6A2319C1-AE79-4E88-82FD-1F6289DD01D4}","","South","West","Malcolm","","","","direct","2023-02-21","2023-02-21 1040"
"166",374,-81.7149696986966,26.0124143097756,"BP02-21FEB23","COSWFL",2023,1057,"Adult","Female","A",13.5,412,368,82.1,37.3,428454,2877252,"Shell Island Rd","Scout","","Collier","RBNERR"," IE, BH, TB","Shrek",60,"",0,NA,NA,NA,NA,NA,"","","","Courting/Mating","{24ECCF35-C4C0-4561-9C0A-43C66B0F610E}","YES","South","West","Malcolm","","","","direct","2023-02-21","2023-02-21 1057"
"167",375,-81.7149529027234,26.0123631545345,"BP03-21FEB23","COSWFL",2023,1057,"Adult","Male","A",13.3,404,353,56.9,25.8,428454,2877252,"Shell Island Rd","Scout","","Collier","RBNERR"," IE, BH, TB","Shrek",NA,"",0,NA,NA,NA,NA,NA,"","","","Courting/Mating","{133A7E30-FD0D-4D87-B359-0E9CCDCFCE45}","","South","West","Malcolm","","","","direct","2023-02-21","2023-02-21 1057"
"168",415,-81.7147886442806,26.0189289090441,"BP01-27FEB24","COSWFL",2024,1040,"Adult","Female","A",10.9,333,291,42.7,19.5,428475,2877956,"Shell Island Rd","Scout","","Collier","RBNERR"," IB IE Cw ","Shrek",33,"",NA,NA,NA,NA,NA,NA,"","","","Coiled","{51063C74-29F7-4FAC-8BD6-D159CCBA65C8}","YES","","","Malcolm","Jensen","","","","2024-02-27","2024-02-27 1040"
"169",5,-81.6459408958509,25.9978052760012,"BP01-03DEC14","COSWFL",2014,1200,"Adult","Male","Alive",10.4,317,274,36.2,16.4,435354,2875600,"Curcie Rd","Scout","PYBI - 15","Collier","RBNERR","IB","Stella",NA,"",NA,NA,NA,NA,NA,NA,"","","male research animal - Brando","Courting/Mating","{36C6C3C3-7339-4C01-85FB-A1511E41EA14}","","South","East","","","","","direct","2014-12-03","2014-12-03 1200"
"170",4,-81.694823012371,26.0220936337043,"BP01-26MAR14","COSWFL",2014,1200,"Adult","Female","Alive",9.4,286,251,27.7,12.6,430476,2878315,"Ochos Rios Dr ","Scout","","Collier","Development","IB","Sugar Pie",28,"",NA,NA,NA,NA,NA,NA,"","","","Courting/Mating","{5093A582-A6D0-4D9A-9CAB-BF8561B7C742}","YES","South","East","","","","","direct","2014-03-26","2014-03-26 1200"
"171",6,-81.6568364596401,26.007625440212,"BP01-22DEC14","COSWFL",2014,1200,"Adult","Male","Alive",8.2,250,219,17.5,7.9,434269,2876693,"Marco Island Water Treatment Plant","Scout","","Collier","RIBS","IB/CE","Sweet Pea",NA,"",NA,NA,NA,NA,NA,NA,"","","(euth 12JAN15) found in proximity to female research animal (PYBI - 02) / Ammit Cailins snake","Courting/Mating","{4E3B57D1-4B1A-49AC-B233-58AB29E72A53}","","South","East","","","","","direct","2014-12-22","2014-12-22 1200"
"172",7,-81.6564505279495,26.0083044042679,"BP01-16JAN15","COSWFL",2015,1200,"Adult","Male","Alive",9.6,293,253,27.9,12.7,434308,2876768,"Marco Island Water Treatment Plant","Scout","","Collier","RIBS","PTA/IB","Sweet Pea",NA,"",NA,NA,NA,NA,NA,NA,"","","(euth 27JAN15) found in proximity to female research animal (PYBI - 02)","Courting/Mating","{7FD9323E-E139-4EF9-8E2F-F0FFBCEA7361}","","South","East","","","","","direct","2015-01-16","2015-01-16 1200"
"173",8,-81.6562528905375,26.0087025987671,"BP01-26JAN15","COSWFL",2015,1200,"Adult","Male","Alive",8.7,265,229,20.2,9.2,434328,2876812,"Marco Island Water Treatment Plant","Scout","","Collier","RIBS","IB/CE","Sweet Pea",NA,"",NA,NA,NA,NA,NA,NA,"","","(euth 27JAN15) found in proximity to female research animal (PYBI - 02)","Courting/Mating","{E50D4C97-F8C7-4108-BD8B-D9D7AE55D178}","","South","East","","","","","direct","2015-01-26","2015-01-26 1200"
"174",148,-81.6069904462272,25.997486497308,"BP01-04DEC19","COSWFL",2019,1226,"Adult","Female","A",12.8,391,343,76.7,34.8,439252,2875546,"S of Old San Marco Rd","Scout","","Collier","CSSP","IB, IE, AlF","Thor",57,"",NA,NA,NA,NA,NA,NA,"","burrow","found in burrow in proximity to telemetered male (PYBI-51)","Courting/Mating","{9537F982-8019-4845-9CB9-5E864EED2576}","YES","South","East","","","","","direct","2019-12-04","2019-12-04 1226"
"175",19,-81.6582567407657,26.0096596446338,"BP01-15DEC15","COSWFL",2015,1200,"Adult","Male","Alive",9.2,281,234,24.3,11,434128,2876919,"Marco Island Water Treatment Plant","Scout","","Collier","RIBS","IB,CPE,IE","Valentina",NA,"",NA,NA,NA,NA,NA,NA,"","flooded NW cell","(euth18DEC15); found in proximity to female research animal (PYBI - 09)","Courting/Mating","{4F0A7587-ACDD-43F8-BB63-88DA6F6BF522}","","South","East","","","","","direct","2015-12-15","2015-12-15 1200"
"176",20,-81.6680295894312,26.0167300412959,"BP01-23DEC15","COSWFL",2015,1200,"Adult","Male","Alive",8.9,272,237,21.2,9.6,433154,2877707,"Fiddler's Creek","Scout","","Collier","Fiddler's Creek","IB,CPE,IE","Valentina",NA,"",NA,NA,NA,NA,NA,NA,"","along Fiddler's lake, near construction area","Labryinth pattern; found in proximity to female research animal (PYBI - 09)","Courting/Mating","{AB1F7AA6-7805-4A7E-AC72-E51C42D53280}","","South","East","","","","","direct","2015-12-23","2015-12-23 1200"
"177",151,-81.6542897217221,26.0062012426629,"BP01-20DEC19","COSWFL",2019,1155,"Adult","Female","A",14.3,437,387,97.6,44.3,434587,2876490,"S of Fiddler's Agricultural","Scout","","Collier","RBNERR","IB, AlF","Ziggy",68,"",NA,NA,NA,NA,NA,NA,"","pine/palmetto island surrounded by wetland","shedding","Shedding","{98AB44E3-4194-408E-8B15-77D36A2E5F56}","YES","South","East","","","","","direct","2019-12-20","2019-12-20 1155"
"178",178,-81.6408092873648,26.0071174776698,"BP01-19FEB20","COSWFL",2020,1207,"Adult","Female","A",10.9,333,293,38.4,17.4,435872,2876629,"E of Eagle Island","Scout","","Collier","RBNERR","IB, IE, AlF","Ziggy",24,"",NA,NA,NA,NA,NA,NA,"","","found in DILLO burrow","","{B0C3765B-7525-4D3B-88C6-CA1D25EE5A0E}","YES","South","East","","","","","direct","2020-02-19","2020-02-19 1207"
"179",269,-81.6709783608955,26.0114188235708,"BP01-06JAN22","COSWFL",2022,1249,"Adult","Female","A",9.9,302,270,28.6,13,432855,2877116,"No Man's Land","Scout","","Collier","RBNERR"," IB, IE, KyF ","Ziggy",22,"",0,NA,NA,NA,NA,NA,"","Cabbage palm buttonwood hammock ","100% basking in the sun, very recent prey item. Nest: 432856 2877113","Digesting","{FCFA4A2C-8566-4DDD-B4C9-F98AA721B516}","YES","South","East","","","","","direct","2022-01-06","2022-01-06 1249"
"180",287,-81.667319073846,26.0014593549107,"BP01-31JAN22","COSWFL",2022,1200,"Adult","Female","A",10.4,318,280,39.4,17.9,433212,2876016,"Road to Nowhere","Scout","","Collier","RBNERR"," IE, KyF","Ziggy",32,"",0,NA,NA,NA,NA,NA,"","","Outstretched along basking female","Courting/Mating","{44C92C19-BFF0-4606-9319-37F935438E0B}","YES","South","East","","","","","indirect","2022-01-31","2022-01-31 1200"
"181",288,-81.667319073846,26.0014593549107,"BP02-31JAN22","COSWFL",2022,1217,"Adult","Male","A",10.5,321,279,29.3,13.3,433212,2876016,"Road to Nowhere","Scout","","Collier","RBNERR"," IE, KyF","Ziggy",NA,"",NA,NA,NA,NA,NA,NA,"","","","","{174E6077-B483-4365-A476-4B02743C13E9}","","South","East","","","","","indirect","2022-01-31","2022-01-31 1217"
"182",339,-81.6403585565047,26.0067438091347,"BP02-05JAN23","COSWFL",2023,1209,"Adult","Female","A",15.5,473,423,108.9,49.4,439447,2877556,"Auto Ranch Rd","Scout","","Collier","RBNERR"," IB, IE, BH, TB","Ziggy",56,"",80,NA,NA,NA,NA,NA,"","","","Coiled","{1A2636C4-8ED8-444B-A800-9D169DA8E6F8}","YES","South","East","","","","","direct","2023-01-05","2023-01-05 1209"
"183",371,-81.6429127944138,26.0100772277341,"BP01-16FEB23","COSWFL",2023,147,"Adult","Male","A",8.8,267,234,16.1,7.3,435658,2876962,"Eagle Island ","Scout","","Collier","Fiddler's Creek"," IB, IE, BH, TB","Ziggy",NA,"",100,NA,NA,NA,NA,NA,"","","","Underground","{EBD679AF-3D49-470D-AEDE-691F620DBF35}","","South","East","Darryl McLovin","","","","direct","2023-02-16","2023-02-16 0147"
"184",372,-81.6429127944138,26.0100772277341,"BP02-16FEB23","COSWFL",2023,147,"Adult","Female","A",11,334,296,42.7,19.4,435658,2876962,"Eagle Island","Scout","","Collier","Fiddler's Creek"," IB, IE, BH, TB","Ziggy",33,"",100,NA,NA,NA,NA,NA,"GOTO","","","Underground","{48C62324-D5ED-47E5-B86D-21E7FCCE74C3}","YES","South","East","Darryl McLovin","","","","direct","2023-02-16","2023-02-16 0147"
"185",414,-81.6434833388433,26.0089090265427,"BP01-22FEB24","COSWFL",2024,1130,"Adult","Female","A",11.5,350,311,42.6,19.3,435606,2876830,"Eagle Island","Scout","","Collier","RBNERR"," ","Ziggy",32,"",NA,NA,NA,NA,NA,NA,"","","","","{E17BF2E0-6981-4F21-91FF-38B8A50EC2EB}","","","","","","","","direct","2024-02-23","2024-02-23 1130"
"186",477,-81.6500628360978,26.0030193454831,"BP01-20FEB25","COSWFL",2025,1230,"Adult","Female","A",15.6,476,421,121.6,55.14,434943,2876181,"S of Fiddler’s Agricultural","Scout","","Collier",""," IB, IE, AF, JE","Ziggy",NA,"",NA,NA,NA,NA,NA,NA,"","","","","{417D9E8B-B545-4148-9E77-6B6C9380C42B}","","","","","","","","direct","2025-02-21","2025-02-21 1230"
